ᒥᓂᔅᑕ	ᒥᓂᔅᑕ
ᒥᔅᑕ	ᒥᔅᑕ
ᑖᒃᑯᐊ	ᑖᒃᑯᐊ
ᐊᒻᒪ	ᐊᒻᒪ
ᑕᒪᓐᓇ	ᑕᒪᓐᓇ
ᐊᖓᔪᖅᑳᖅ	ᐊᖓᔪᖅᑳᖅ
ᑕᒪᒃᑯᐊ	ᑕᒪᒃᑯᐊ
ᑕᐃᒃᑯᐊ	ᑕᐃᒃᑯᐊ
ᑕᐃᒪ	ᑕᐃᒪ
ᖃᓄᖅ	ᖃᓄᖅ
ᒫᓐᓇ	ᒫᓐᓇ
ᑰᓕ	ᑰ@ᓕ
ᒥᔅ	ᒥᔅ
ᐅᑲᓕᖅ	ᐅᑲᓕᖅ
ᐊᖏᖅᐳᒍᑦ	ᐊᖏᖅ@ᐳᒍᑦ
ᒥᔅᑐ	ᒥᔅᑐ
ᐃᓄᒃ	ᐃᓄᒃ
ᑕᒪᒃᑯᓂᖓ	ᑕᒪᒃᑯ@ᓂᖓ
ᑕᐃᒫᒃ	ᑕᐃᒫᒃ
ᑖᒃᑯᓄᖓ	ᑖᒃᑯ@ᓄᖓ
ᑕᒪᑐᒥᖓ	ᑕᒪᑐ@ᒥᖓ
ᒥᓕᐊᓐ	ᒥᓕᐊᓐ
ᑕᒪᒃᑯᓄᖓ	ᑕᒪᒃᑯ@ᓄᖓ
ᐅᓇ	ᐅᓇ
ᑖᒻᓴᓐ	ᑖᒻᓴᓐ
ᑕᕝᕙ	ᑕᕝᕙ
ᑕᒪᑐᒧᖓ	ᑕᒪᑐ@ᒧᖓ
ᐃᒪᓐᓇ	ᐃᒪᓐᓇ
ᒐᕙᒪᒃᑯᓐᓄᑦ	ᒐᕙᒪ@ᒃᑯᓐ@ᓄᑦ
ᓇᒻᒥᓂᖅ	ᓇᒻᒥᓂᖅ
ᑲᒪᒋᔭᓕᒃ	ᑲᒪ@ᒋ@ᔭ@ᓕᒃ
ᐊᖏᖅᐱᓯᐅᒃ	ᐊᖏᖅ@ᐱᓯᐅᒃ
ᐅᒡᔪᒃ	ᐅᒡᔪᒃ
ᑕᐅᓴᓐ	ᑕᐅᓴᓐ
ᒥᓂᔅᑕᒧᑦ	ᒥᓂᔅᑕ@ᒧᑦ
ᐊᒻᒪᑦᑕᐅᖅ	ᐊᒻᒪ@ᑦᑕᐅᖅ
ᓇᑦᑎᖅ	ᓇᑦᑎᖅ
ᓯᕗᓪᓕᖅᐹᖅ	ᓯᕗ@ᓪᓕᖅ@ᐹᖅ
ᒫᑦᓯ	ᒫᑦᓯ
ᑕᐃᒪᐃᒻᒪᑦ	ᑕᐃᒪᐃᒻ@ᒪᑦ
ᐊᕐᕌᒍᑕᒫᑦ	ᐊᕐᕌᒍ@ᑕᒫᑦ
ᓄᑕᕋᖅ	ᓄᑕᕋᖅ
ᑕᐃᒃᑯᓄᖓ	ᑕᐃᒃᑯ@ᓄᖓ
ᐱᖁᔭᒃᓴᖅ	ᐱ@ᖁ@ᔭ@ᒃᓴᖅ
ᐱᖓᔪᐊᓐᓂᒃ	ᐱᖓᔪᐊᓐ@ᓂᒃ
ᑕᐃᕕᑦ	ᑕᐃ@ᕕᑦ
ᐱᕙᓪᓕᐊᔪᓕᕆᓂᕐᒧᑦ	ᐱ@ᕙᓪᓕᐊ@ᔪ@ᓕᕆ@ᓂᕐ@ᒧᑦ
ᐊᖓᔪᖅᑳᑉ	ᐊᖓᔪᖅᑳ@ᑉ
ᐅᕙᖓ	ᐅᕙᖓ
ᐅᕙᒍᑦ	ᐅᕙᒍᑦ
ᐊᕙᑎᓕᕆᓂᕐᒧᑦ	ᐊᕙᑎ@ᓕᕆ@ᓂᕐ@ᒧᑦ
ᐊᕐᕌᒍᓄᑦ	ᐊᕐᕌᒍ@ᓄᑦ
ᖃᖓ	ᖃᖓ
ᐅᓪᓗᒥᒧᑦ	ᐅᓪᓗᒥ@ᒧᑦ
ᒐᕙᒪᒃᑯᓐᓂᑦ	ᒐᕙᒪ@ᒃᑯᓐ@ᓂᑦ
ᑭᐅᔾᔪᑎᒃ	ᑭᐅ@ᔾᔪᑎᒃ
ᐃᓚᖓᑦ	ᐃᓚ@ᖓᑦ
ᓄᑕᕋᒃ	ᓄ@ᑕ@ᕋᒃ
ᑕᒪᑐᒪ	ᑕᒪᑐ@ᒪ
ᐅᕙᑦᑎᓐᓄᑦ	ᐅᕙ@ᑦᑎᓐᓄᑦ
ᐅᕙᓐᓄᑦ	ᐅᕙ@ᓐᓄᑦ
ᐊᒥᓱᑦ	ᐊᒥᓱᑦ
ᑖᒃᑯᓇᓂ	ᑖᒃᑯ@ᓇᓂ
ᐱᒋᐊᖅᑎᑕᖅ	ᐱ@ᒋᐊᖅ@ᑎ@ᑕᖅ
ᒪᑯᐊ	ᒪᑯᐊ
ᒫᓐᓇᒧᑦ	ᒫᓐᓇ@ᒧᑦ
ᐅᓂᒃᑳᖅ	ᐅᓂᒃᑳᖅ
ᑲᔪᓯᕗᖅ	ᑲᔪᓯ@ᕗᖅ
ᒥᓂᔅᑕᖓᑦ	ᒥᓂᔅᑕ@ᖓᑦ
ᔫᓂ	ᔫᓂ
ᑕᒪᑐᒪᓂ	ᑕᒪᑐ@ᒪᓂ
ᓄᓇᕗᒻᒧᑦ	ᓄᓇᕗᒻ@ᒧᑦ
ᓲᖃᐃᒻᒪ	ᓲᖃᐃᒻᒪ
ᖃᓄᕐᓕ	ᖃᓄᕐ@ᓕ
ᓇᖕᒥᓂᖅ	ᓇᖕᒥᓂᖅ
ᐄᑐᐊᖅ	ᐄ@ᑐᐊᖅ
ᐊᑐᓂ	ᐊᑐᓂ
ᖃᐅᔨᒃᑲᐃᒍᑦ	ᖃᐅᔨ@ᒃᑲ@ᐃ@ᒍᑦ
ᑐᕌᖓᔪᑦ	ᑐᕌ@ᖓ@ᔪᑦ
ᑕᒪᓐᓇᓗ	ᑕᒪᓐᓇ@ᓗ
ᑕᒪᕐᒥᒃ	ᑕᒪᕐᒥᒃ
ᒪᑉᐱᒐᖅ	ᒪᑉᐱ@ᒐᖅ
ᐱᑯ	ᐱᑯ
ᑕᒪᐅᖓ	ᑕᒪ@ᐅᖓ
ᑖᒃᓱᒧᖓ	ᑖᒃᓱ@ᒧᖓ
ᑕᐃᒃᑯᐊᓗ	ᑕᐃᒃᑯᐊ@ᓗ
ᐊᒥᓱᓂᒃ	ᐊᒥᓱ@ᓂᒃ
ᐅᑯᓄᖓ	ᐅᑯ@ᓄᖓ
ᐱᖓᓱᑦ	ᐱᖓᓱᑦ
ᐅᖃᖅᑲᐅᒻᒪᑦ	ᐅᖃ@ᖅᑲᐅ@ᒻᒪᑦ
ᑖᒻᓇ	ᑖᒻᓇ
ᑭᒃᑯᑐᐃᓐᓇᕐᓄᑦ	ᑭᒃᑯ@ᑐᐃᓐᓇᕐ@ᓄᑦ
ᐃᖏᕐᕋᔪᓕᕆᓂᕐᒧᓪᓗ	ᐃᖏᕐᕋ@ᔪ@ᓕᕆ@ᓂᕐ@ᒧᓪ@ᓗ
ᐆᒥᖓ	ᐆ@ᒥᖓ
ᐊᕐᕌᒍᒧᑦ	ᐊᕐᕌᒍ@ᒧᑦ
ᑕᒪᔾᔭ	ᑕᒪᔾᔭ
ᐃᓕᖅᑯᓯᓕᕆᓂᕐᒧᑦ	ᐃᓕᖅᑯᓯ@ᓕᕆ@ᓂᕐ@ᒧᑦ
ᑕᓪᓕᒪᓄᑦ	ᑕᓪᓕᒪ@ᓄᑦ
ᐃᒻᒥᓂᒃ	ᐃᒻᒥᓂᒃ
ᐅᑐᐱᕆ	ᐅᑐᐱᕆ
ᒪᒃᐱᒐᖅ	ᒪᒃᐱ@ᒐᖅ
ᖃᓄᑐᐃᓐᓇᖅ	ᖃᓄ@ᑐᐃᓐᓇᖅ
ᒐᕙᒪᑐᖃᒃᑯᓐᓂᑦ	ᒐᕙᒪ@ᑐᖃ@ᒃᑯᓐ@ᓂᑦ
ᐊᓯᐊᓄᑦ	ᐊᓯ@ᐊᓄᑦ
ᐱᖁᔭᖅ	ᐱ@ᖁ@ᔭᖅ
ᓯᕗᓪᓕᖅᐹᒥᑦ	ᓯᕗ@ᓪᓕᖅ@ᐹ@ᒥᑦ
ᓱᕐᓗ	ᓱᕐᓗ
ᐅᕙᑦᑎᓐᓂᒃ	ᐅᕙ@ᑦᑎᓐᓂᒃ
ᐃᖏᕐᕋᔪᓕᕆᓂᕐᒧᑦ	ᐃᖏᕐᕋ@ᔪ@ᓕᕆ@ᓂᕐ@ᒧᑦ
ᒥᓂᔅᑕᖃᐃ	ᒥᓂᔅᑕ@ᖃᐃ
ᐊᑐᓂᑦ	ᐊᑐᓂᑦ
ᐱᓕᕆᕕᐅᔪᑦ	ᐱ@ᓕᕆ@ᕕ@ᐅ@ᔪᑦ
ᐱᖓᓱᓂᒃ	ᐱᖓᓱ@ᓂᒃ
ᓯᕗᓂᐊᒍᑦ	ᓯᕗᓂ@ᐊᒍᑦ
ᑐᕌᖓᔪᓂᒃ	ᑐᕌ@ᖓ@ᔪ@ᓂᒃ
ᑭᒃᑯᑦ	ᑭᒃᑯᑦ
ᐅᕙᓐᓂᒃ	ᐅᕙ@ᓐᓂᒃ
ᑕᒪᔅᓱᒥᖓ	ᑕᒪᔅᓱ@ᒥᖓ
ᑭᓱᓂᒃ	ᑭᓱ@ᓂᒃ
ᕿᔪᒃᑖᖅ	ᕿᔪᒃ@ᑖᖅ
ᑭᓇᑐᐃᓐᓇᖅ	ᑭᓇ@ᑐᐃᓐᓇᖅ
ᐃᓗᐊᓄᑦ	ᐃᓗ@ᐊᓄᑦ
ᖃᓄᕐᓗ	ᖃᓄᕐ@ᓗ
ᕕᕝᕗᐊᕆ	ᕕᕝᕗᐊᕆ
ᒐᕙᒪᑐᖃᒃᑯᓐᓄᑦ	ᒐᕙᒪ@ᑐᖃ@ᒃᑯᓐ@ᓄᑦ
ᒥᓂᔅᑕᖓᓄᑦ	ᒥᓂᔅᑕ@ᖓᓄᑦ
ᓈᒻᒪᒻᒪᑦ	ᓈᒻᒪᒻ@ᒪᑦ
ᐃᓄᓕᕆᓂᕐᒧᓪᓗ	ᐃᓄ@ᓕᕆ@ᓂᕐ@ᒧᓪ@ᓗ
ᐊᓯᐊᓂᒃ	ᐊᓯ@ᐊᓂᒃ
ᑕᖅᑲᒃᑯᓄᖓ	ᑕᖅᑲᒃᑯ@ᓄᖓ
ᐱᓕᕆᕕᒃ	ᐱ@ᓕᕆ@ᕕᒃ
ᒐᕙᒪᓕᕆᔨᒃᑯᓐᓄᑦ	ᒐᕙᒪ@ᓕᕆ@ᔨ@ᒃᑯᓐ@ᓄᑦ
ᖃᓄᑭᐊᖅ	ᖃᓄ@ᑭᐊᖅ
ᑲᔪᓯᓗᑕ	ᑲᔪᓯ@ᓗᑕ
ᐱᖓᓱᓄᑦ	ᐱᖓᓱ@ᓄᑦ
ᒐᕙᒪᓕᕆᓂᕐᒧᑦ	ᒐᕙᒪ@ᓕᕆ@ᓂᕐ@ᒧᑦ
ᐱᖁᔭᔅᓴᖅ	ᐱ@ᖁ@ᔭ@ᔅᓴᖅ
ᐃᓄᓕᕆᓂᕐᒧᑦ	ᐃᓄ@ᓕᕆ@ᓂᕐ@ᒧᑦ
ᐊᕐᕌᒍᓂᑦ	ᐊᕐᕌᒍ@ᓂᑦ
ᑕᐃᒃᓱᒪᓂ	ᑕᐃᒃᓱ@ᒪᓂ
ᖃᐅᔨᓴᕐᓂᖅ	ᖃᐅᔨ@ᓴᕐ@ᓂᖅ
ᐊᓪᓛᑦ	ᐊᓪᓛᑦ
ᖃᒪᓂᑦᑐᐊᕐᒧᑦ	ᖃᒪᓂᑦᑐᐊᕐ@ᒧᑦ
ᒥᓂᔅᑕᐅᔪᒧᑦ	ᒥᓂᔅᑕ@ᐅ@ᔪ@ᒧᑦ
ᐊᕐᕌᒍᓂᒃ	ᐊᕐᕌᒍ@ᓂᒃ
ᒪᑉᐱᖅᑐᒐᖅ	ᒪᑉᐱᖅ@ᑐ@ᒐᖅ
ᐱᒻᒪᕆᐅᒻᒪᑦ	ᐱ@ᒻᒪᕆ@ᐅ@ᒻᒪᑦ
ᐱᕙᓪᓕᐊᔪᓕᕆᔨᒃᑯᓐᓄᑦ	ᐱ@ᕙᓪᓕᐊ@ᔪ@ᓕᕆ@ᔨ@ᒃᑯᓐ@ᓄᑦ
ᒪᒃᑯᒃᑐᑦ	ᒪᒃᑯᒃ@ᑐᑦ
ᒫᔾᔨ	ᒫᔾᔨ
ᐊᒥᓱᓄᑦ	ᐊᒥᓱ@ᓄᑦ
ᐅᒃᐱᒃ	ᐅᒃᐱᒃ
ᒪᑯᓄᖓ	ᒪᑯ@ᓄᖓ
ᐃᓚᒋᔭᐅᔪᑦ	ᐃᓚ@ᒋ@ᔭ@ᐅ@ᔪᑦ
ᐅᖃᓚᐅᕐᒪᑦ	ᐅᖃ@ᓚᐅᕐ@ᒪᑦ
ᐊᓯᐊᒍᑦ	ᐊᓯ@ᐊᒍᑦ
ᑕᐃᒃᑯᐊᓕ	ᑕᐃᒃᑯᐊ@ᓕ
ᐊᐅᔭᖅ	ᐊᐅᔭᖅ
ᑕᒪᔅᓱᒧᖓ	ᑕᒪᔅᓱ@ᒧᖓ
ᐱᖓᔪᐊᑦ	ᐱᖓᔪᐊᑦ
ᐅᑭᐅᖅ	ᐅᑭᐅᖅ
ᒪᑯᓂᖓ	ᒪᑯ@ᓂᖓ
ᓴᖅᑭᑕᐅᔪᑦ	ᓴᖅᑭ@ᑕ@ᐅ@ᔪᑦ
ᑕᒪᓐᓇᖃᐃ	ᑕᒪᓐᓇ@ᖃᐃ
ᑖᑉᑯᐊ	ᑖᑉᑯᐊ
ᐱᖁᔭᕐᔪᐊᖅ	ᐱ@ᖁ@ᔭᕐ@ᔪᐊᖅ
ᐅᑉᓗᒥ	ᐅᑉᓗᒥ
ᑲᔪᓯᒋᑦ	ᑲᔪᓯ@ᒋᑦ
ᐃᓪᓗ	ᐃᓪᓗ
ᑐᙵᓱᒋᑦ	ᑐᙵ@ᓱ@ᒋᑦ
ᐃᓕᖅᑯᓯᓕᕆᔨᒃᑯᓐᓄᑦ	ᐃᓕᖅᑯᓯ@ᓕᕆ@ᔨ@ᒃᑯᓐ@ᓄᑦ
ᕿᒥᕐᕈᓂᖅ	ᕿᒥᕐᕈ@ᓂᖅ
ᐱᖓᓱᓂᑦ	ᐱᖓᓱ@ᓂᑦ
ᐊᕙᑎᓕᕆᔨᒃᑯᓐᓄᑦ	ᐊᕙᑎ@ᓕᕆ@ᔨ@ᒃᑯᓐ@ᓄᑦ
ᐊᐃᐳᕈ	ᐊᐃᐳᕈ
ᓯᕗᒧᑦ	ᓯᕗ@ᒧᑦ
ᑭᓯᒥ	ᑭᓯᒥ
ᖃᐅᔨᓴᕐᓂᕐᒧᑦ	ᖃᐅᔨ@ᓴᕐ@ᓂᕐ@ᒧᑦ
ᑭᓇ	ᑭᓇ
ᑭᓱᒧᑦ	ᑭᓱ@ᒧᑦ
ᖃᐅᔨᒪᔪᒍᑦ	ᖃᐅᔨᒪ@ᔪᒍᑦ
ᑭᒃᑯᓕᒫᓄᑦ	ᑭᒃᑯ@ᓕᒫ@ᓄᑦ
ᑭᓱᒥᒃ	ᑭᓱ@ᒥᒃ
ᐃᓚᒌᓄᑦ	ᐃᓚ@ᒌ@ᓄᑦ
ᐊᒻᒪᑕᐅᖅ	ᐊᒻᒪ@ᑕᐅᖅ
ᑕᒪᒃᓱᒥᖓ	ᑕᒪᒃᓱ@ᒥᖓ
ᐊᐱᕆᖕᒪᑦ	ᐊᐱᕆ@ᖕᒪᑦ
ᑕᒪᓐᓇᓕ	ᑕᒪᓐᓇ@ᓕ
ᓯᕗᓪᓕᖅ	ᓯᕗ@ᓪᓕᖅ
ᖁᔭᓐᓇᒦᖅᐸᕋᓗ	ᖁᔭᓐᓇᒦᖅ@ᐸᕋ@ᓗ
ᐅᑭᐅᓂᒃ	ᐅᑭᐅ@ᓂᒃ
ᖃᓄᒃᑲᓐᓂᖅ	ᖃᓄ@ᒃᑲᓐᓂᖅ
ᒐᕙᒪ	ᒐᕙᒪ
ᐃᓪᓗᒧᑦ	ᐃᓪᓗ@ᒧᑦ
ᒪᑖᒻ	ᒪᑖᒻ
ᐊᕐᓇᖅ	ᐊᕐᓇᖅ
ᑲᒥᓴᓇ	ᑲᒥᓴᓇ
ᑖᒃᑯᐊᑦᑕᐅᖅ	ᑖᒃᑯᐊ@ᑦᑕᐅᖅ
ᐱᓕᕆᓂᕐᒧᑦ	ᐱ@ᓕᕆ@ᓂᕐ@ᒧᑦ
ᐅᓪᓛᖅ	ᐅᓪᓛᖅ
ᐊᒥᓱᓂᑦ	ᐊᒥᓱ@ᓂᑦ
ᒐᕙᒪᑐᖃᒃᑯᓐᓂᒃ	ᒐᕙᒪ@ᑐᖃ@ᒃᑯᓐ@ᓂᒃ
ᐃᒃᑯᐊ	ᐃᒃᑯᐊ
ᒪᓐᓇ	ᒪᓐᓇ
ᑕᒡᕙ	ᑕᒡᕙ
ᑕᒪᒃᓱᒧᖓ	ᑕᒪᒃᓱ@ᒧᖓ
ᐱᓕᕆᕕᖓᑦ	ᐱ@ᓕᕆ@ᕕ@ᖓᑦ
ᐅᑎᕐᓂᖅ	ᐅᑎᕐ@ᓂᖅ
ᑖᑉᓱᒥᖓ	ᑖᑉᓱ@ᒥᖓ
ᓴᓇᔪᓕᕆᔨᒃᑯᓐᓄᑦ	ᓴᓇ@ᔪ@ᓕᕆ@ᔨ@ᒃᑯᓐ@ᓄᑦ
ᒐᕙᒪᒃᑯᓐᓄᓪᓗ	ᒐᕙᒪ@ᒃᑯᓐ@ᓄᓪ@ᓗ
ᐅᕝᕙ	ᐅᕝᕙ
ᑕᕆᐅᑉ	ᑕᕆᐅ@ᑉ
ᐃᖏᕐᕋᔪᓕᕆᔨᒃᑯᓐᓄᑦ	ᐃᖏᕐᕋ@ᔪ@ᓕᕆ@ᔨ@ᒃᑯᓐ@ᓄᑦ
ᒐᕙᒪᒃᑯᓐᓂᒃ	ᒐᕙᒪ@ᒃᑯᓐ@ᓂᒃ
ᑕᖅᑲᒃᑯᐊ	ᑕᖅᑲᒃᑯᐊ
ᓄᓇᕗᒻᒥᑦ	ᓄᓇᕗᒻ@ᒥᑦ
ᑖᒃᑯᐊᒎᖅ	ᑖᒃᑯᐊ@ᒎᖅ
ᑕᒪᑦᓱᒥᖓ	ᑕᒪᑦᓱ@ᒥᖓ
ᐅᖃᓚᐅᕋᒪ	ᐅᖃ@ᓚᐅ@ᕋᒪ
ᑕᐃᒪᖃᐃ	ᑕᐃᒪ@ᖃᐃ
ᒐᕙᒪᒃᑯᓄᓪᓗ	ᒐᕙᒪ@ᒃᑯ@ᓄᓪ@ᓗ
ᐄᐳᕈ	ᐄᐳᕈ
ᐅᕙᖓᑦᑕᐅᖅ	ᐅᕙᖓ@ᑦᑕᐅᖅ
ᐅᓐᓄᒃ	ᐅᓐᓄᒃ
ᑕᒪᒃᑯᓇᓂ	ᑕᒪᒃᑯ@ᓇᓂ
ᐱᖁᔭᒃᓴᑦ	ᐱ@ᖁ@ᔭ@ᒃᓴ@ᑦ
ᐊᖓᔪᖅᑳᒧᑦ	ᐊᖓᔪᖅᑳ@ᒧᑦ
ᓈᒻᒪᑉᐳᖅ	ᓈᒻᒪᑉ@ᐳᖅ
ᐱᓕᕆᕝᕕᒃ	ᐱ@ᓕᕆ@ᕝᕕᒃ
ᐅᓪᓗᖅ	ᐅᓪᓗᖅ
ᓇᓕᐊᑐᐃᓐᓇᖅ	ᓇᓕᐊ@ᑐᐃᓐᓇᖅ
ᑖᒃᑯᓇᙵᑦ	ᑖᒃᑯ@ᓇᙵᑦ
ᐊᕿᐊᕈᖅ	ᐊᕿᐊᕈᖅ
ᑕᖅᑭᑕᒫᑦ	ᑕᖅᑭ@ᑕᒫᑦ
ᑕᐃᒪᐃᓐᓂᖓᓄᑦ	ᑕᐃᒪᐃᓐ@ᓂ@ᖓᓄᑦ
ᓯᓚ	ᓯᓚ
ᓲᖅ	ᓲᖅ
ᓇᑭᑦ	ᓇᑭᑦ
ᐅᑭᐊᒃᓵᖅ	ᐅᑭᐊᒃᓵᖅ
ᑭᕙᓪᓕᕐᒧᑦ	ᑭᕙᓪᓕᕐ@ᒧᑦ
ᐊᖏᖅᐳᑦ	ᐊᖏᖅ@ᐳᑦ
ᑐᕌᖓᔪᓂᑦ	ᑐᕌ@ᖓ@ᔪ@ᓂᑦ
ᐸᕐᓇᐅᑎᒃ	ᐸᕐᓇ@ᐅᑎᒃ
ᐊᖏᔪᒥᒃ	ᐊᖏ@ᔪ@ᒥᒃ
ᓂᕿᓂᒃ	ᓂᕿ@ᓂᒃ
ᖄᒃᑲᓐᓂᐊᒍᑦ	ᖄ@ᒃᑲᓐᓂ@ᐊᒍᑦ
ᐃᓕᔅᓯᓐᓄᑦ	ᐃᓕ@ᔅᓯᓐᓄᑦ
ᐃᓱᒪᓕᕆᓂᕐᒧᑦ	ᐃᓱᒪ@ᓕᕆ@ᓂᕐ@ᒧᑦ
ᑕᓪᓕᒪᓂᒃ	ᑕᓪᓕᒪ@ᓂᒃ
ᑭᕙᓪᓕᖅ	ᑭᕙᓪᓕᖅ
ᐊᕐᕌᒍᐊᓄᑦ	ᐊᕐᕌᒍ@ᐊᓄᑦ
ᓇᒧᑦ	ᓇᒧᑦ
ᐅᓄᖅᑐᑦ	ᐅᓄᖅ@ᑐᑦ
ᐅᓂᒃᑳᓕᐊᖅ	ᐅᓂᒃᑳ@ᓕᐊᖅ
ᐊᖏᖅᐱᑖ	ᐊᖏᖅ@ᐱᑖ
ᐃᒡᓗ	ᐃᒡᓗ
ᑕᒪᔅᓱᒪ	ᑕᒪᔅᓱ@ᒪ
ᐱᒻᒪᕆᐅᕗᖅ	ᐱ@ᒻᒪᕆ@ᐅ@ᕗᖅ
ᖃᐅᔨᒪᔪᑦ	ᖃᐅᔨᒪ@ᔪᑦ
ᐸᐃᑉᐹᑦ	ᐸᐃ@ᑉ@ᐹᑦ
ᐸᕐᓇᐅᑦ	ᐸᕐᓇ@ᐅᑦ
ᑕᒪᓐᓇᑦᑕᐅᖅ	ᑕᒪᓐᓇ@ᑦᑕᐅᖅ
ᕿᒥᕐᕈᓂᕐᒧᑦ	ᕿᒥᕐᕈ@ᓂᕐ@ᒧᑦ
ᖃᒪᓂᑦᑐᐊᖅ	ᖃᒪᓂᑦᑐᐊᖅ
ᑲᓇᑕ	ᑲᓇᑕ
ᐃᒥᕐᒧᑦ	ᐃᒥᕐ@ᒧᑦ
ᐱᒋᐊᖅᑎᑕᒧᑦ	ᐱ@ᒋᐊᖅ@ᑎ@ᑕ@ᒧᑦ
ᐅᐱᕐᖔᖅ	ᐅᐱᕐᖔᖅ
ᐅᖃᕋᑖᕐᒪᑦ	ᐅᖃ@ᕋᑖᕐ@ᒪᑦ
ᑕᐃᒪᑦᑕᐅᖅ	ᑕᐃᒪ@ᑦᑕᐅᖅ
ᓴᓂᑭᓗᐊᖅ	ᓴᓂᑭᓗᐊᖅ
ᓄᓇ	ᓄᓇ
ᖃᖓᑐᐃᓐᓇᖅ	ᖃᖓ@ᑐᐃᓐᓇᖅ
ᐃᓗᐊᒍᑦ	ᐃᓗ@ᐊᒍᑦ
ᐊᒡᓛᑦ	ᐊᒡᓛᑦ
ᖁᔭᓐᓇᒦᕆᕙᕋ	ᖁᔭᓐᓇᒦ@ᕆ@ᕙᕋ
ᒥᑦᑎᒪᑕᓕᒃ	ᒥᑦᑎᒪᑕᓕᒃ
ᓄᓇᒧᑦ	ᓄᓇ@ᒧᑦ
ᐱᓕᕆᕝᕕᖓᑦ	ᐱ@ᓕᕆ@ᕝᕕ@ᖓᑦ
ᐊᖏᖅᑕᐅᔪᒪᓪᓗᓂ	ᐊᖏᖅ@ᑕ@ᐅ@ᔪᒪ@ᓪᓗᓂ
ᐅᑉᐱᒃ	ᐅᑉᐱᒃ
ᒫᔅᓯ	ᒫᔅᓯ
ᑕᐃᒫᑦᑕᐅᖅ	ᑕᐃᒫᑦ@ᑕᐅᖅ
ᐱᖓᓐᓇᖓᓄᑦ	ᐱ@ᖓ@ᓐᓇ@ᖓᓄᑦ
ᐱᓕᕆᕕᒻᒧᑦ	ᐱ@ᓕᕆ@ᕕᒻ@ᒧᑦ
ᐃᓕᓐᓄᑦ	ᐃᓕ@ᓐᓄᑦ
ᐱᓕᕆᕕᐊ	ᐱ@ᓕᕆ@ᕕ@ᐊ
ᑭᐅᕙᓐ	ᑭᐅ@ᕙᓐ
ᐊᖏᖅᑕᐅᔪᒪᒻᒪᑦ	ᐊᖏᖅ@ᑕ@ᐅ@ᔪᒪ@ᒻᒪᑦ
ᑕᒪᑦᓱᒧᖓ	ᑕᒪᑦᓱ@ᒧᖓ
ᑭᒃᑯᑐᐃᓐᓇᕐᓂᒃ	ᑭᒃᑯ@ᑐᐃᓐᓇᕐ@ᓂᒃ
ᑕᒡᒐ	ᑕᒡᒐ
ᓈᒻᒪᖕᒪᑦ	ᓈᒻᒪᖕ@ᒪᑦ
ᐱᖁᑎᓄᑦ	ᐱ@ᖁᑎ@ᓄᑦ
ᓂᕆᐅᑉᐳᒍᑦ	ᓂᕆᐅᑉ@ᐳᒍᑦ
ᑯᐃᓐ	ᑯᐃᓐ
ᐃᒡᓗᒧᑦ	ᐃᒡᓗ@ᒧᑦ
ᐊᐱᖅᓱᕐᓇᖅ	ᐊᐱᖅ@ᓱᕐ@ᓇᖅ
ᑕᒪᒃᑯᐊᓕ	ᑕᒪᒃᑯᐊ@ᓕ
ᓯᓚᕐᔪᐊᒧᑦ	ᓯᓚ@ᕐᔪᐊ@ᒧᑦ
ᐅᕙᑦᑎᓐᓂᑦ	ᐅᕙ@ᑦᑎᓐᓂᑦ
ᐊᖓᔪᖅᑳᕆᔭᐅᔪᑦ	ᐊᖓᔪᖅᑳ@ᕆ@ᔭ@ᐅ@ᔪᑦ
ᐅᐃᕖᑎᑐᑦ	ᐅᐃᕖᑎᑐᑦ
ᑭᕙᓪᓕᕐᒥᑦ	ᑭᕙᓪᓕᕐ@ᒥᑦ
ᓱᓇᓂᒃ	ᓱᓇ@ᓂᒃ
ᓇᒻᒥᓂᖃᖅᑐᑦ	ᓇᒻᒥᓂ@ᖃᖅ@ᑐᑦ
ᓯᓚᑦᑐᖅᓴᕐᕕᒃ	ᓯᓚ@ᑦᑐᖅ@ᓴᕐ@ᕕᒃ
ᓯᓚᑦᑐᓴᕐᕕᒃ	ᓯᓚ@ᑦᑐ@ᓴᕐ@ᕕᒃ
ᐊᐱᖅᓱᕐᒪᑦ	ᐊᐱᖅ@ᓱᕐ@ᒪᑦ
ᒐᕙᒪᐅᔪᑦ	ᒐᕙᒪ@ᐅ@ᔪᑦ
ᒪᑯᐊᓗ	ᒪᑯᐊ@ᓗ
ᓴᓇᓂᕐᒧᑦ	ᓴᓇ@ᓂᕐ@ᒧᑦ
ᐱᓕᕆᕕᐅᔪᓂᒃ	ᐱ@ᓕᕆ@ᕕ@ᐅ@ᔪ@ᓂᒃ
ᐅᖃᖅᑲᐅᖕᒪᑦ	ᐅᖃ@ᖅᑲᐅ@ᖕᒪᑦ
ᐱᓕᕆᕕᐅᔪᓄᑦ	ᐱ@ᓕᕆ@ᕕ@ᐅ@ᔪ@ᓄᑦ
ᑭᓯᒥᓕ	ᑭᓯᒥ@ᓕ
ᐊᓯᐊᓂᑦ	ᐊᓯ@ᐊᓂᑦ
ᐱᒻᒪᕆᐅᓂᖓᓂᒃ	ᐱ@ᒻᒪᕆ@ᐅ@ᓂ@ᖓᓂᒃ
ᐃᓚᖓᓂᒃ	ᐃᓚ@ᖓᓂᒃ
ᐄᐳᕈᓪ	ᐄᐳᕈᓪ
ᑭᐅᖕᒪᑦ	ᑭᐅ@ᖕᒪᑦ
ᑭᓱᓂᑦ	ᑭᓱ@ᓂᑦ
ᐅᐊ	ᐅᐊ
ᒪᐅᖓ	ᒪ@ᐅᖓ
ᓯᓚᑦᑐᓴᕐᕕᒻᒧᑦ	ᓯᓚ@ᑦᑐ@ᓴᕐ@ᕕᒻ@ᒧᑦ
ᐱᒻᒪᕆᐅᔪᓂᒃ	ᐱ@ᒻᒪᕆ@ᐅ@ᔪ@ᓂᒃ
ᒫᓐᓇᕈᓗᒃ	ᒫᓐᓇ@ᕈᓗᒃ
ᐃᖅᑲᓇᐃᔮᖅ	ᐃᖅᑲᓇᐃᔮᖅ
ᐱᕙᓪᓕᐊᓂᕐᒧᑦ	ᐱ@ᕙᓪᓕᐊ@ᓂᕐ@ᒧᑦ
ᖁᓕᑦ	ᖁᓕᑦ
ᐊᒥᑦᑐᕐᒧᑦ	ᐊᒥᑦᑐᕐ@ᒧᑦ
ᓄᓇᕗᒻᒥᐅᑕᐅᔪᑦ	ᓄᓇᕗᒻ@ᒥᐅᑕ@ᐅ@ᔪᑦ
ᐃᖅᑲᖅᑐᐃᔪᓕᕆᓂᕐᒧᑦ	ᐃᖅᑲᖅ@ᑐ@ᐃ@ᔪ@ᓕᕆ@ᓂᕐ@ᒧᑦ
ᑕᐃᒃᑯᓇᓂ	ᑕᐃᒃᑯ@ᓇᓂ
ᓱᖕᒪᑦ	ᓱ@ᖕᒪᑦ
ᑕᑉᐸᐅᖓ	ᑕᑉᐸ@ᐅᖓ
ᒪᑦᓇ	ᒪᑦᓇ
ᓄᓇᕗᓕᒫᒧᑦ	ᓄᓇᕗ@ᓕᒫ@ᒧᑦ
ᐊᐃᑉᐱᖅᑕᐅᓪᓗᓂ	ᐊᐃᑉᐱᖅ@ᑕ@ᐅ@ᓪᓗᓂ
ᐅᖃᕐᒪᑦ	ᐅᖃᕐ@ᒪᑦ
ᐊᖓᔪᖅᑳᖓᑦ	ᐊᖓᔪᖅᑳ@ᖓᑦ
ᐱᒻᒪᕆᐅᔪᒥᒃ	ᐱ@ᒻᒪᕆ@ᐅ@ᔪ@ᒥᒃ
ᑭᒃᑯᓐᓄᑦ	ᑭᒃᑯᓐ@ᓄᑦ
ᒐᕙᒪᓄᑦ	ᒐᕙᒪ@ᓄᑦ
ᐊᑐᖅᑕᐅᕙᑦᑐᑦ	ᐊᑐᖅ@ᑕ@ᐅ@ᕙᑦ@ᑐᑦ
ᐊᕐᕌᒍᒥᑦ	ᐊᕐᕌᒍ@ᒥᑦ
ᑐᕌᖓᔪᒥᒃ	ᑐᕌ@ᖓ@ᔪ@ᒥᒃ
ᐱᖓᔪᐊᓐᓂᑦ	ᐱᖓᔪᐊᓐ@ᓂᑦ
ᐊᔾᔨᖓᓂᒃ	ᐊᔾᔨ@ᖓᓂᒃ
ᖃᓄ	ᖃᓄ
ᐃᓄᒻᒧᑦ	ᐃᓄᒻ@ᒧᑦ
ᐱᒻᒪᕆᐅᖕᒪᑦ	ᐱ@ᒻᒪᕆ@ᐅ@ᖕᒪᑦ
ᐃᖅᑲᓇᐃᔮᒧᑦ	ᐃᖅᑲᓇᐃᔮ@ᒧᑦ
ᓄᓇᕗᒻᒧ	ᓄᓇᕗᒻ@ᒧ
ᐃᖏᕐᕋᔪᓕᕆᔨᒃᑯᓄᓪᓗ	ᐃᖏᕐᕋ@ᔪ@ᓕᕆ@ᔨ@ᒃᑯ@ᓄᓪ@ᓗ
ᐅᕙᓐᓂᑦ	ᐅᕙ@ᓐᓂᑦ
ᔭᐃᒻᔅ	ᔭᐃᒻᔅ
ᑲᓇᑕᒧᑦ	ᑲᓇᑕ@ᒧᑦ
ᐱᓕᕆᔪᑦ	ᐱ@ᓕᕆ@ᔪᑦ
ᖃᖓᑭᐊᖅ	ᖃᖓ@ᑭᐊᖅ
ᑕᐃᒃᓱᒧᖓ	ᑕᐃᒃᓱ@ᒧᖓ
ᐱᖃᓯᐅᑎᓪᓗᒋᑦ	ᐱ@ᖃ@ᓯ@ᐅ@ᑎᓪᓗᒋᑦ
ᖁᓪᓕᒃ	ᖁᓪ@ᓕᒃ
ᑕᐃᒃᑯᐊᑦᑕᐅᖅ	ᑕᐃᒃᑯᐊ@ᑦᑕᐅᖅ
ᐋᕆᐊᖅ	ᐋᕆᐊᖅ
ᐱᖁᑎᓂᒃ	ᐱ@ᖁᑎ@ᓂᒃ
ᓂᕿᓄᑦ	ᓂᕿ@ᓄᑦ
ᓄᓇᑖᕐᓂᕐᒧᑦ	ᓄᓇ@ᑖᕐ@ᓂᕐ@ᒧᑦ
ᐊᑯᓂᒃ	ᐊᑯ@ᓂᒃ
ᑖᑉᓱᒪ	ᑖᑉᓱ@ᒪ
ᖃᐅᔨᒪᕗᒍᑦ	ᖃᐅᔨᒪ@ᕗᒍᑦ
ᒥᓂᔅᑕᒥᑦ	ᒥᓂᔅᑕ@ᒥᑦ
ᑭᓇᒧᑦ	ᑭᓇ@ᒧᑦ
ᓇᒧᑐᐃᓐᓇᖅ	ᓇᒧ@ᑐᐃᓐᓇᖅ
ᐊᐱᖅᓱᕐᓂᖅ	ᐊᐱᖅ@ᓱᕐ@ᓂᖅ
ᑐᓂᔭᐅᔪᑦ	ᑐᓂ@ᔭ@ᐅ@ᔪᑦ
ᖃᐅᔨᓴᐃᓂᖅ	ᖃᐅᔨ@ᓴ@ᐃ@ᓂᖅ
ᓯᕗᓂᒃᓴᒧᑦ	ᓯᕗᓂ@ᒃᓴ@ᒧᑦ
ᓴᓂᑭᓗᐊᕐᒧᑦ	ᓴᓂᑭᓗᐊᕐ@ᒧᑦ
ᑕᐃᒪᐃᓐᓂᖓᓄ	ᑕᐃᒪᐃᓐ@ᓂ@ᖓᓄ
ᐃᓄᒃᓱᒃ	ᐃᓄᒃᓱᒃ
ᑕᐃᒪᙵᓂᑦ	ᑕᐃᒪᙵᓂᑦ
ᐃᓕᒃᓯᓐᓄᑦ	ᐃᓕ@ᒃᓯᓐᓄᑦ
ᓇᓄᖅ	ᓇᓄᖅ
ᒥᓂᔅᑕᐅᔪᒥᒃ	ᒥᓂᔅᑕ@ᐅ@ᔪ@ᒥᒃ
ᐱᒻᒪᕆᐅᒻᒪᑕ	ᐱ@ᒻᒪᕆ@ᐅ@ᒻᒪᑕ
ᓇᒻᒥᓂᖃᕐᓂᕐᒧᑦ	ᓇᒻᒥᓂ@ᖃᕐ@ᓂᕐ@ᒧᑦ
ᑕᓗᕐᔪᐊᕐᒥ	ᑕᓗ@ᕐᔪᐊᕐ@ᒥ
ᐱᓇᓱᐊᕈᓯᖅ	ᐱᓇᓱᐊᕈᓯᖅ
ᑕᐃᒃᑯᐊᖃᐃ	ᑕᐃᒃᑯᐊ@ᖃᐃ
ᑭᓱᒥᑦ	ᑭᓱ@ᒥᑦ
ᖃᒪᓂᖅᑐᐊᕐᒧᑦ	ᖃᒪᓂᖅᑐᐊᕐ@ᒧᑦ
ᓯᕗᓪᓕᖅᐹᖓᓂᒃ	ᓯᕗ@ᓪᓕᖅ@ᐹ@ᖓᓂᒃ
ᑕᒪᑐᒨᓇ	ᑕᒪᑐ@ᒨᓇ
ᑕᐃᒪᐃᑎᓪᓗᒍ	ᑕᐃᒪᐃ@ᑎᓪᓗᒍ
ᐱᒋᐊᖅᑎᑕᐅᔪᒧᑦ	ᐱ@ᒋᐊᖅ@ᑎ@ᑕ@ᐅ@ᔪ@ᒧᑦ
ᐊᕐᕌᓂᓂᑦ	ᐊᕐᕌᓂ@ᓂᑦ
ᐱᓕᕆᕕᖓᓄᑦ	ᐱ@ᓕᕆ@ᕕ@ᖓᓄᑦ
ᐊᐅᓚᑦᑎᔨ	ᐊᐅᓚᑦ@ᑎ@ᔨ
ᖃᓄᓪᓚᕆᒃ	ᖃᓄ@ᓪᓚᕆᒃ
ᐋᑐᕚᒧᑦ	ᐋᑐᕚ@ᒧᑦ
ᖃᐅᔨᒪᕗᑦ	ᖃᐅᔨᒪ@ᕗᑦ
ᐊᑐᖅᑕᐅᔪᓐᓇᖅᑐᑦ	ᐊᑐᖅ@ᑕ@ᐅ@ᔪᓐᓇᖅ@ᑐᑦ
ᐃᒃᑲᕆᐊᓗᒃ	ᐃᒃᑲᕆ@ᐊ@ᓗᒃ
ᐱᓕᕆᔨᐅᔪᑦ	ᐱ@ᓕᕆ@ᔨ@ᐅ@ᔪᑦ
ᐃᒪᓐᓇᒃ	ᐃᒪᓐᓇᒃ
ᓂᕿᑦᑎᐊᕙᓕᕆᓂᕐᒧᑦ	ᓂᕿ@ᑦᑎᐊᕙ@ᓕᕆ@ᓂᕐ@ᒧᑦ
ᓂᕿᓂᑦ	ᓂᕿ@ᓂᑦ
ᐅᑭᐅᓂᑦ	ᐅᑭᐅ@ᓂᑦ
ᐃᕐᓂᖅ	ᐃᕐᓂᖅ
ᑕᒪᑦᓱᒪ	ᑕᒪᑦᓱ@ᒪ
ᐱᕙᓪᓕᐊᔭᐃᓂᕐᒧᑦ	ᐱ@ᕙᓪᓕᐊ@ᔭ@ᐃ@ᓂᕐ@ᒧᑦ
ᐃᓚᒌᓄᓪᓗ	ᐃᓚ@ᒌ@ᓄᓪ@ᓗ
ᑲᒪᔨᐅᔪᑦ	ᑲᒪ@ᔨ@ᐅ@ᔪᑦ
ᐊᐃᑉᐸᖓᓂᒃ	ᐊᐃᑉᐸ@ᖓᓂᒃ
ᐱᔾᔪᑕᐅᓪᓗᓂ	ᐱ@ᔾᔪᑕ@ᐅ@ᓪᓗᓂ
ᐆᒪ	ᐆ@ᒪ
ᐃᓱᒪᒥᒍᑦ	ᐃᓱᒪ@ᒥᒍᑦ
ᓇᑭᑐᐃᓐᓇᖅ	ᓇᑭ@ᑐᐃᓐᓇᖅ
ᓇᓂ	ᓇᓂ
ᑭᓇᑐᐃᓐᓇᕐᒧᑦ	ᑭᓇ@ᑐᐃᓐᓇᕐ@ᒧᑦ
ᐅᔾᔨᕈᓱᒃᐳᑦ	ᐅᔾᔨ@ᕈᓱᒃ@ᐳᑦ
ᒐᕙᒪᖓᓄᑦ	ᒐᕙᒪ@ᖓᓄᑦ
ᑕᐃᒫᓪᓗ	ᑕᐃᒫᓪ@ᓗ
ᑕᐃᒪᙵᑦ	ᑕᐃᒪᙵᑦ
ᑲᓇᓐᓇᖓᓄᑦ	ᑲᓇᓐᓇ@ᖓᓄᑦ
ᐃᑲᔪᕈᑕᐅᔪᑦ	ᐃᑲᔪ@ᕈᑕ@ᐅ@ᔪᑦ
ᐸᕐᓇᐃᓂᕐᒧᑦ	ᐸᕐᓇ@ᐃ@ᓂᕐ@ᒧᑦ
ᒐᕙᒪᖓᑦ	ᒐᕙᒪ@ᖓᑦ
ᑕᐃᒃᑯᐊᒎᖅ	ᑕᐃᒃᑯᐊ@ᒎᖅ
ᐅᑭᐊᔅᓵᖅ	ᐅᑭᐊᔅᓵᖅ
ᐊᒻᒪᓘᓐᓃᑦ	ᐊᒻᒪ@ᓘᓐᓃᑦ
ᐃᓚᖓᓂᑦ	ᐃᓚ@ᖓᓂᑦ
ᐃᓚᒋᒻᒪᒍ	ᐃᓚ@ᒋ@ᒻᒪᒍ
ᐃᓚᒋᔭᐅᓪᓗᓂ	ᐃᓚ@ᒋ@ᔭ@ᐅ@ᓪᓗᓂ
ᑐᕌᖓᔪᓄᑦ	ᑐᕌ@ᖓ@ᔪ@ᓄᑦ
ᐊᕙᑎᓄᑦ	ᐊᕙᑎ@ᓄᑦ
ᑲᒪᔪᒧᑦ	ᑲᒪ@ᔪ@ᒧᑦ
ᐱᒻᒪᕆᐅᔪᑦ	ᐱ@ᒻᒪᕆ@ᐅ@ᔪᑦ
ᑲᒥᓯᓇᒧᑦ	ᑲᒥᓯᓇ@ᒧᑦ
ᓱᓇᒧᑦ	ᓱᓇ@ᒧᑦ
ᐊᔭᐅᖅᑐᐃᕗᑦ	ᐊᔭ@ᐅᖅ@ᑐ@ᐃ@ᕗᑦ
ᐊᖓᔪᖅᑳᖓᓄᑦ	ᐊᖓᔪᖅᑳ@ᖓᓄᑦ
ᓈᒻᒪᓯᑉᐸᑦ	ᓈᒻᒪ@ᓯ@ᑉᐸᑦ
ᐊᐅᓱᐃᑦᑐᖅ	ᐊᐅᓱᐃᑦᑐᖅ
ᑕᓪᓕᒪᓂᑦ	ᑕᓪᓕᒪ@ᓂᑦ
ᑕᓗᕐᔪᐊᓂ	ᑕᓗ@ᕐᔪᐊ@ᓂ
ᓯᕕᑐᔪᒧᑦ	ᓯᕕ@ᑐ@ᔪ@ᒧᑦ
ᐅᓪᓗᕐᒧᑦ	ᐅᓪᓗᕐ@ᒧᑦ
ᐱᒻᒪᕆᐅᔪᓄᑦ	ᐱ@ᒻᒪᕆ@ᐅ@ᔪ@ᓄᑦ
ᒪᒃᐱᖅᑐᕋᖓ	ᒪᒃᐱᖅ@ᑐ@ᕋᖓ
ᐃᓪᓗᒥᑦ	ᐃᓪᓗ@ᒥᑦ
ᑕᒪᕐᒥ	ᑕᒪᕐᒥ
ᐅᐱᒍᓱᒍᒪᓪᓗᖓ	ᐅᐱ@ᒍᓱ@ᒍᒪ@ᓪᓗᖓ
ᒥᓂᔅᑕᖓᓐ	ᒥᓂᔅᑕ@ᖓᓐ
ᖃᓂᒋᔭᖓᓂ	ᖃᓂ@ᒋ@ᔭ@ᖓ@ᓂ
ᐅᓂᒃᑳᒧᑦ	ᐅᓂᒃᑳ@ᒧᑦ
ᑕᐃᒫᑐᐃᓐᓇᖅ	ᑕᐃᒫ@ᑐᐃᓐᓇᖅ
ᐸᕐᓇᐅᒻᒥᑦ	ᐸᕐᓇ@ᐅᒻ@ᒥᑦ
ᐅᖃᓚᐅᕐᒪᑕ	ᐅᖃ@ᓚᐅᕐ@ᒪᑕ
ᑲᒥᓴᓇᒧᑦ	ᑲᒥᓴᓇ@ᒧᑦ
ᐊᖏᔪᓄᑦ	ᐊᖏ@ᔪ@ᓄᑦ
ᐆᒧᖓ	ᐆ@ᒧᖓ
ᖃᓄᓕᒫᖅ	ᖃᓄ@ᓕᒫᖅ
ᐃᕐᓂᕋ	ᐃᕐᓂ@ᕋ
ᑭᓱᓄᑦ	ᑭᓱ@ᓄᑦ
ᑐᓵᔪᑦ	ᑐᓵ@ᔪᑦ
ᓂᐅᕕᕐᓂᕐᒧᑦ	ᓂᐅᕕᕐ@ᓂᕐ@ᒧᑦ
ᓂᕆᐅᒃᐳᑦ	ᓂᕆᐅᒃ@ᐳᑦ
ᓴᓂᑭᓗᐊᑉ	ᓴᓂᑭᓗᐊ@ᑉ
ᐱᖁᑎᓂᑦ	ᐱ@ᖁᑎ@ᓂᑦ
ᑲᔪᓯᒋᐊᕆᑦ	ᑲᔪᓯ@ᒋᐊ@ᕆᑦ
ᒪᒥᓴᕐᓂᕐᒧᑦ	ᒪᒥ@ᓴᕐ@ᓂᕐ@ᒧᑦ
ᐱᓕᕆᕕᐅᔪᓂᑦ	ᐱ@ᓕᕆ@ᕕ@ᐅ@ᔪ@ᓂᑦ
ᑲᒪᒋᔭᐅᔪᑦ	ᑲᒪ@ᒋ@ᔭ@ᐅ@ᔪᑦ
ᐊᕐᕌᒍᖓᓄᑦ	ᐊᕐᕌᒍ@ᖓᓄᑦ
ᐅᒃᑯᐃᕈᓐᓇᖅᐱᐅᒃ	ᐅᒃᑯᐃ@ᕈᓐᓇᖅ@ᐱᐅᒃ
ᒥᓂᔅᑕᒧ	ᒥᓂᔅᑕ@ᒧ
ᐃᖅᑲᓇᐃᔮᒃᓴᖅ	ᐃᖅᑲᓇᐃᔮ@ᒃᓴᖅ
ᑕᒪᒃᑯᓇᙵᑦ	ᑕᒪᒃᑯ@ᓇᙵᑦ
ᐱᓕᕆᖃᑎᒋᓗᒋᑦ	ᐱ@ᓕᕆ@ᖃᑎ@ᒋ@ᓗ@ᒋᑦ
ᐃᓚᒋᐊᕈᑎᒃ	ᐃᓚ@ᒋᐊ@ᕈᑎᒃ
ᑕᐃᒃᓱᒥᖓ	ᑕᐃᒃᓱ@ᒥᖓ
ᖃᓄᕐᓕᑭᐊᖅ	ᖃᓄᕐ@ᓕ@ᑭᐊᖅ
ᑕᒪᓐᓇᒎᖅ	ᑕᒪᓐᓇ@ᒎᖅ
ᒥᓂᔅᑕᐅᕝᕕᒃ	ᒥᓂᔅᑕ@ᐅ@ᕝᕕᒃ
ᒪᒃᐱᖅᑐᒐᖅ	ᒪᒃᐱᖅ@ᑐ@ᒐᖅ
ᐅᒥᐊᕐᔪᐊᖅ	ᐅᒥᐊᕐ@ᔪᐊᖅ
ᐃᖅᑲᓇᐃᔮᒃᓴᑦ	ᐃᖅᑲᓇᐃᔮ@ᒃᓴ@ᑦ
ᐃᖏᕐᕋᔪᓕᕆᔨᒃᑯᓐᓄᓪᓗ	ᐃᖏᕐᕋ@ᔪ@ᓕᕆ@ᔨ@ᒃᑯᓐ@ᓄᓪ@ᓗ
ᐃᓱᒪᒋᔭᐅᔪᑦ	ᐃᓱᒪ@ᒋ@ᔭ@ᐅ@ᔪᑦ
ᑐᑭᓕᒃ	ᑐᑭ@ᓕᒃ
ᐋᓐᓂᐊᔪᓂᑦ	ᐋᓐᓂ@ᐊ@ᔪ@ᓂᑦ
ᖁᕕᐊᓱᓚᐅᖅᑐᑦ	ᖁᕕᐊ@ᓱ@ᓚᐅᖅ@ᑐᑦ
ᒥᑦᑎᒪᑕᓕᒻᒧᑦ	ᒥᑦᑎᒪᑕᓕᒻ@ᒧᑦ
ᖃᑦᓯᐅᕙᑦ	ᖃᑦᓯ@ᐅ@ᕙᑦ
ᑕᖅᑲᒃᑯᓂᖓ	ᑕᖅᑲᒃᑯ@ᓂᖓ
ᐊᖏᖅᑕᐅᔪᒪᕗᖅ	ᐊᖏᖅ@ᑕ@ᐅ@ᔪᒪ@ᕗᖅ
ᓴᓇᔭᐅᓂᖓᓄᑦ	ᓴᓇ@ᔭ@ᐅ@ᓂ@ᖓᓄᑦ
ᖃᑦᓯᐅᒻᒪᖔᑕ	ᖃᑦᓯ@ᐅ@ᒻᒪᖔᑕ
ᑐᕌᖓᓪᓗᓂ	ᑐᕌ@ᖓ@ᓪᓗᓂ
ᓇᒻᒥᓂ	ᓇᒻᒥᓂ
ᐃᓚᖓᓄᑦ	ᐃᓚ@ᖓᓄᑦ
ᖃᐅᔨᒪᖕᒪᑕ	ᖃᐅᔨᒪ@ᖕᒪᑕ
ᖃᒪᓂᑦᑐᐊᑉ	ᖃᒪᓂᑦᑐᐊ@ᑉ
ᐃᓕᓐᓂᒃ	ᐃᓕ@ᓐᓂᒃ
ᐊᖓᔪᖅᑳᕐᒧᑦ	ᐊᖓᔪᖅᑳᕐ@ᒧᑦ
ᐱᕙᓪᓕᐊᔪᓕᕆᓂᕐᒧᓪᓗ	ᐱ@ᕙᓪᓕᐊ@ᔪ@ᓕᕆ@ᓂᕐ@ᒧᓪ@ᓗ
ᖃᓄᐃᔅᓴᖏᒃᑯᕕᑦ	ᖃᓄᐃ@ᔅᓴ@ᖏᒃ@ᑯᕕᑦ
ᓇᖕᒥᓂᖃᖅᑐᑦ	ᓇᖕᒥᓂ@ᖃᖅ@ᑐᑦ
ᓯᕗᓪᓕᕐᒥᑦ	ᓯᕗ@ᓪᓕᕐ@ᒥᑦ
ᓂᕆᐅᒋᔭᐅᔪᑦ	ᓂᕆᐅ@ᒋ@ᔭ@ᐅ@ᔪᑦ
ᑐᕌᖅᑐᑦ	ᑐᕌᖅ@ᑐᑦ
ᐊᐱᕆᕋᑖᕐᒪᑦ	ᐊᐱᕆ@ᕋᑖᕐ@ᒪᑦ
ᒐᕙᒪᒃᑯᓐᓄᓗ	ᒐᕙᒪ@ᒃᑯᓐ@ᓄ@ᓗ
ᐱᒻᒪᕆᐅᔪᓂᑦ	ᐱ@ᒻᒪᕆ@ᐅ@ᔪ@ᓂᑦ
ᐅᓪᓗᒥᒃᑲᓐᓂᖅ	ᐅᓪᓗᒥ@ᒃᑲᓐᓂᖅ
ᓄᖅᑲᖅᑐᑦ	ᓄᖅᑲᖅ@ᑐᑦ
ᖃᐅᔨᒪᖕᒪᑦ	ᖃᐅᔨᒪ@ᖕᒪᑦ
ᐊᑭᐅᔪᑦ	ᐊᑭ@ᐅ@ᔪᑦ
ᐱᓕᕆᕝᕕᒻᒧᑦ	ᐱ@ᓕᕆ@ᕝᕕᒻ@ᒧᑦ
ᐃᓚᒋᔭᐅᔪᓄᑦ	ᐃᓚ@ᒋ@ᔭ@ᐅ@ᔪ@ᓄᑦ
ᐊᑭᓂᒃ	ᐊᑭ@ᓂᒃ
ᓈᒻᒪᖏᒻᒪᑦ	ᓈᒻᒪ@ᖏᒻ@ᒪᑦ
ᑖᓚᔅ	ᑖᓚᔅ
ᐊᖑᑦ	ᐊᖑᑦ
ᒐᕙᒪᒃᑯᖓᑦ	ᒐᕙᒪ@ᒃᑯ@ᖓᑦ
ᑕᒻᒪᕈᒪ	ᑕᒻᒪ@ᕈᒪ
ᐃᖅᑲᓇᐃᔮᒥᒃ	ᐃᖅᑲᓇᐃᔮ@ᒥᒃ
ᓯᕗᓪᓕᕐᐹᖅ	ᓯᕗ@ᓪᓕᕐ@ᐹᖅ
ᑖᓚ	ᑖᓚ
ᑐᕌᖓᒻᒪᑦ	ᑐᕌ@ᖓ@ᒻᒪᑦ
ᒐᕙᒪᐅᔪᓄᑦ	ᒐᕙᒪ@ᐅ@ᔪ@ᓄᑦ
ᑕᓗᕐᔪᐊᒥ	ᑕᓗ@ᕐᔪᐊ@ᒥ
ᒥᓂᔅᑕᐅᔪᓄᑦ	ᒥᓂᔅᑕ@ᐅ@ᔪ@ᓄᑦ
ᖃᒪᓂᑦᑐᐊᒧᑦ	ᖃᒪᓂᑦᑐᐊ@ᒧᑦ
ᓇᑦᓯᖅ	ᓇᑦᓯᖅ
ᑕᒪᒃᑯᐊᑦᑕᐅᖅ	ᑕᒪᒃᑯᐊ@ᑦᑕᐅᖅ
ᑕᐃᒃᑯᓇᙵᑦ	ᑕᐃᒃᑯ@ᓇᙵᑦ
ᐅᕙᓐᓄ	ᐅᕙ@ᓐᓄ
ᓴᓂᑭᓗᐊᕐᒥᑦ	ᓴᓂᑭᓗᐊᕐ@ᒥᑦ
ᑕᒪᕐᒥᓕᒫᖅ	ᑕᒪᕐᒥ@ᓕᒫᖅ
ᓯᑕᒪᓂᒃ	ᓯᑕᒪ@ᓂᒃ
ᑖᓚᓂᒃ	ᑖᓚ@ᓂᒃ
ᐸᕐᓇᓂᕐᒧᑦ	ᐸᕐᓇ@ᓂᕐ@ᒧᑦ
ᑭᐅᓂᖅ	ᑭᐅ@ᓂᖅ
ᓇᒻᒪᒃᓴᖅᑐᑦ	ᓇᒻᒪᒃ@ᓴᖅ@ᑐᑦ
ᑲᓇᔪᖅ	ᑲᓇᔪᖅ
ᐊᕿᐊᕈᒃ	ᐊᕿ@ᐊ@ᕈᒃ
ᐃᓚᐅᔪᑦ	ᐃᓚ@ᐅ@ᔪᑦ
ᐃᓂᐅᔪᑦ	ᐃᓂ@ᐅ@ᔪᑦ
ᐱᖃᓯᐅᑎᓪᓗᒍ	ᐱ@ᖃ@ᓯ@ᐅ@ᑎᓪᓗᒍ
ᐊᓯᐊ	ᐊᓯ@ᐊ
ᐃᓕᒃᓯ	ᐃᓕ@ᒃᓯ
ᐅᕕᒃᑲᐅᔪᓄᑦ	ᐅᕕ@ᒃᑲ@ᐅ@ᔪ@ᓄᑦ
ᑲᒪᓂᕐᒧᑦ	ᑲᒪ@ᓂᕐ@ᒧᑦ
ᓯᓚᑦᑐᖅᓴᕐᕕᖕᒧᑦ	ᓯᓚ@ᑦᑐᖅ@ᓴᕐ@ᕕᖕ@ᒧᑦ
ᑭᓇᑐᐃᓐᓇᕐᒥᒃ	ᑭᓇ@ᑐᐃᓐᓇᕐ@ᒥᒃ
ᐱᒃᓴᓐ	ᐱ@ᒃᓴ@ᓐ
ᐃᓕᖅᑯᓯᓕᕆᔨᒃᑯᓐᓂᑦ	ᐃᓕᖅᑯᓯ@ᓕᕆ@ᔨ@ᒃᑯᓐ@ᓂᑦ
ᐅᖃᓚᐅᖅᑐᑦ	ᐅᖃ@ᓚᐅᖅ@ᑐᑦ
ᐊᕙᑎᒧᑦ	ᐊᕙᑎ@ᒧᑦ
ᐱᕙᓪᓕᐊᔪᓕᕆᔨᒃᑯᓐᓂᑦ	ᐱ@ᕙᓪᓕᐊ@ᔪ@ᓕᕆ@ᔨ@ᒃᑯᓐ@ᓂᑦ
ᐅᖃᕋᑖᕋᒪ	ᐅᖃ@ᕋᑖ@ᕋᒪ
ᐊᑏᒎᖅ	ᐊᑏ@ᒎᖅ
ᓄᓇᒥᑦ	ᓄᓇ@ᒥᑦ
ᐱᒻᒪᕆᐅᓪᓗᓂ	ᐱ@ᒻᒪᕆ@ᐅ@ᓪᓗᓂ
ᓄᓇᕗᒻᒥᐅᑕᐅᔪᓄᑦ	ᓄᓇᕗᒻ@ᒥᐅᑕ@ᐅ@ᔪ@ᓄᑦ
ᐊᓱᐃᓛᒃ	ᐊᓱᐃᓛᒃ
ᓇᒻᒥᓂᕆᔭᐅᔪᑦ	ᓇᒻᒥᓂ@ᕆ@ᔭ@ᐅ@ᔪᑦ
ᐱᓕᕆᕕᐅᔪᒧᑦ	ᐱ@ᓕᕆ@ᕕ@ᐅ@ᔪ@ᒧᑦ
ᑕᒪᒃᑯᐊᖃᐃ	ᑕᒪᒃᑯᐊ@ᖃᐃ
ᐊᒡᒍᒧᑦ	ᐊᒡᒍ@ᒧᑦ
ᐃᓚᒋᐊᕈᑕᐅᔪᑦ	ᐃᓚ@ᒋᐊ@ᕈᑕ@ᐅ@ᔪᑦ
ᒫᓐᓇᑲᐅᑎᒋ	ᒫᓐᓇ@ᑲ@ᐅ@ᑎ@ᒋ
ᓄᓇᑖᖅᐸᓪᓕᐊᔪᓕᕆᓂᕐᒧᑦ	ᓄᓇ@ᑖᖅ@ᐸᓪᓕᐊ@ᔪ@ᓕᕆ@ᓂᕐ@ᒧᑦ
ᑖᑉᓱᒧᖓ	ᑖᑉᓱ@ᒧᖓ
ᑭᒡᒐᖅᑐᐃᔨ	ᑭᒡᒐᖅ@ᑐ@ᐃ@ᔨ
ᐱᓕᕆᕝᕕᐊ	ᐱ@ᓕᕆ@ᕝᕕ@ᐊ
ᑎᑭᕋᕐᔪᐊᒧᓪᓗ	ᑎᑭᕋᕐᔪᐊ@ᒧᓪ@ᓗ
ᖃᓄᐃᒃᓴᖏᒃᑯᕕᑦ	ᖃᓄᐃ@ᒃᓴ@ᖏᒃ@ᑯᕕᑦ
ᑕᖅᑭᖅ	ᑕᖅᑭᖅ
ᑭᒃᑯᑐᐃᓐᓇᕐᓂᑦ	ᑭᒃᑯ@ᑐᐃᓐᓇᕐ@ᓂᑦ
ᐊᕐᕌᒍᓄ	ᐊᕐᕌᒍ@ᓄ
ᑲᑎᑦᑐᑦ	ᑲᑎᑦ@ᑐᑦ
ᖁᕐᓗᖅᑐᖅ	ᖁᕐᓗᖅᑐᖅ
ᐃᓚᒋᓪᓗᓂᐅᒃ	ᐃᓚ@ᒋ@ᓪᓗᓂᐅᒃ
ᐊᖏᖅᑕᐅᔪᒪᖕᒪᑦ	ᐊᖏᖅ@ᑕ@ᐅ@ᔪᒪ@ᖕᒪᑦ
ᐱᔾᔪᑕᐅᔪᑦ	ᐱ@ᔾᔪᑕ@ᐅ@ᔪᑦ
ᑕᐅᑐᒃᑐᑦ	ᑕᐅᑐᒃ@ᑐᑦ
ᐊᑯᓂᒧᑦ	ᐊᑯᓂ@ᒧᑦ
ᐊᒥᓱᑎᒍᑦ	ᐊᒥᓱ@ᑎᒍᑦ
ᐅᐱᒍᓱᓐᓂᖅ	ᐅᐱ@ᒍᓱᓐ@ᓂᖅ
ᑲᓇᑕᓕᒫᒧᑦ	ᑲᓇᑕ@ᓕᒫ@ᒧᑦ
ᐋᓯᑦ	ᐋᓯᑦ
ᐊᑭᖓᓂᒃ	ᐊᑭ@ᖓᓂᒃ
ᒑᓴᓖᒧᑦ	ᒑᓴᓖ@ᒧᑦ
ᐊᑐᖅᑕᐅᕙᒃᑐᑦ	ᐊᑐᖅ@ᑕ@ᐅ@ᕙᒃ@ᑐᑦ
ᐱᓕᕆᕕᐅᔪᒥᒃ	ᐱ@ᓕᕆ@ᕕ@ᐅ@ᔪ@ᒥᒃ
ᓂᕆᐅᑉᐳᑦ	ᓂᕆᐅᑉ@ᐳᑦ
ᐱᖁᑎᒋᔭᐅᔪᑦ	ᐱ@ᖁᑎ@ᒋ@ᔭ@ᐅ@ᔪᑦ
ᐃᓕᔅᓯᓐᓂᒃ	ᐃᓕ@ᔅᓯᓐᓂᒃ
ᑐᑭᖃᖅᐳᖅ	ᑐᑭ@ᖃᖅ@ᐳᖅ
ᐊᕐᕌᒍᓕᒫᒧᑦ	ᐊᕐᕌᒍ@ᓕᒫ@ᒧᑦ
ᐅᓇᖃᐃ	ᐅᓇ@ᖃᐃ
ᐊᖏᔪᒥᑦ	ᐊᖏ@ᔪ@ᒥᑦ
ᑐᑭᖃᕐᒪᖔᖅ	ᑐᑭ@ᖃᕐ@ᒪᖔᖅ
ᑲᒪᒋᔭᐅᒻᒪᑦ	ᑲᒪ@ᒋ@ᔭ@ᐅ@ᒻᒪᑦ
ᐸᕐᓇᐃᓂᖅ	ᐸᕐᓇ@ᐃ@ᓂᖅ
ᑕᒪᑐᒧᖓᓕ	ᑕᒪᑐ@ᒧᖓ@ᓕ
ᑕᐃᒪᐃᒻᒪ	ᑕᐃᒪᐃᒻ@ᒪ
ᐃᓕᖅᑯᓯᖅ	ᐃᓕᖅᑯᓯᖅ
ᐅᕙᑦᑎᓐᓄ	ᐅᕙ@ᑦᑎᓐᓄ
ᐊᓪᓚᕝᕕᖓᓄᑦ	ᐊᓪᓚᕝ@ᕕ@ᖓᓄᑦ
ᓄᖅᑲᖔᓚᐅᑲᓚᐅᖅᐳᖅ	ᓄᖅᑲ@ᖔ@ᓚᐅᑲ@ᓚᐅᖅ@ᐳᖅ
ᐱᓕᕆᑎᓪᓗᒋᑦ	ᐱ@ᓕᕆ@ᑎᓪᓗᒋᑦ
ᑲᓇᑕᓕᒫᒥᑦ	ᑲᓇᑕ@ᓕᒫ@ᒥᑦ
ᐊᑐᖅᑕᐅᓪᓗᓂ	ᐊᑐᖅ@ᑕ@ᐅ@ᓪᓗᓂ
ᑭᐅᔪᒪᒍᕕᑦ	ᑭᐅ@ᔪᒪ@ᒍᕕᑦ
ᐱᒻᒪᕆᐅᔪᒥᑦ	ᐱ@ᒻᒪᕆ@ᐅ@ᔪ@ᒥᑦ
ᓄᓇᕗᒻᒥᒃ	ᓄᓇᕗᒻ@ᒥᒃ
ᒐᕙᒪᓕᕆᔨᓄᑦ	ᒐᕙᒪ@ᓕᕆ@ᔨ@ᓄᑦ
ᓯᓚᒧᑦ	ᓯᓚ@ᒧᑦ
ᓄᓇᕐᔪᐊᑉ	ᓄᓇ@ᕐᔪᐊ@ᑉ
ᐊᕐᕌᒍᑕᒫᓐ	ᐊᕐᕌᒍ@ᑕᒫᓐ
ᓇᓄᓕᕆᓂᖅ	ᓇᓄ@ᓕᕆ@ᓂᖅ
ᐃᑲᔪᖃᑦᑕᖅᑐᑦ	ᐃᑲᔪ@ᖃᑦᑕᖅ@ᑐᑦ
ᐊᑖᑕᒐ	ᐊᑖᑕ@ᒐ
ᐱᖁᔭᒃᓴᒧᑦ	ᐱ@ᖁ@ᔭ@ᒃᓴ@ᒧᑦ
ᐊᓄᕆᒧᑦ	ᐊᓄᕆ@ᒧᑦ
ᓯᑕᒪᑦ	ᓯᑕᒪᑦ
ᐱ	ᐱ
ᐃᓕᖕᓄᑦ	ᐃᓕ@ᖕᓄᑦ
ᐊᐅᓚᑦᑎᔨᓄᑦ	ᐊᐅᓚᑦ@ᑎ@ᔨ@ᓄᑦ
ᐱᖓᔪᖓᑦ	ᐱ@ᖓ@ᔪ@ᖓᑦ
ᐊᑭᖓᓄᑦ	ᐊᑭ@ᖓᓄᑦ
ᐊᑐᖅᑕᐅᔪᒪᔪᑦ	ᐊᑐᖅ@ᑕ@ᐅ@ᔪᒪ@ᔪᑦ
ᒪᑉᐱᖅᑐᒐᕐᒧᑦ	ᒪᑉᐱᖅ@ᑐ@ᒐᕐ@ᒧᑦ
ᐊᐅᓚᑦᑎᔨᐅᔪᑦ	ᐊᐅᓚᑦ@ᑎ@ᔨ@ᐅ@ᔪᑦ
ᕗᐊᑦ	ᕗᐊᑦ
ᒥᑦᑎᒪᑕᓕᖕᒧᑦ	ᒥᑦᑎᒪᑕᓕᖕ@ᒧᑦ
ᖃᐃᔪᓂᑦ	ᖃᐃ@ᔪ@ᓂᑦ
ᐱᒋᐊᖅᑎᑕᐅᔪᖃᕐᒪᑦ	ᐱ@ᒋᐊᖅ@ᑎ@ᑕ@ᐅ@ᔪ@ᖃᕐ@ᒪᑦ
ᐊᒪᓗ	ᐊᒪ@ᓗ
ᐅᓂᒃᑳᖓᓂᒃ	ᐅᓂᒃᑳ@ᖓᓂᒃ
ᓰᑏᕝᕙ	ᓰᑏᕝᕙ
ᓴᓂᕋᔭᒃ	ᓴᓂᕋᔭᒃ
ᐱᓕᕆᓂᖅ	ᐱ@ᓕᕆ@ᓂᖅ
ᓄᓇᕗᓕᒫᒥᑦ	ᓄᓇᕗ@ᓕᒫ@ᒥᑦ
ᒐᕙᒪᐅᔪᓂᑦ	ᒐᕙᒪ@ᐅ@ᔪ@ᓂᑦ
ᒥᓂᔅᑕᐅᔪᓂᒃ	ᒥᓂᔅᑕ@ᐅ@ᔪ@ᓂᒃ
ᒐᕙᒪᒧᑦ	ᒐᕙᒪ@ᒧᑦ
ᓄᓇᓂᑦ	ᓄᓇ@ᓂᑦ
ᔫᑳᓐ	ᔫᑳᓐ
ᐃᓚᖃᖅᑐᑦ	ᐃᓚ@ᖃᖅ@ᑐᑦ
ᑐᑭᖃᕐᒪᑦ	ᑐᑭ@ᖃᕐ@ᒪᑦ
ᐅᖃᓚᐅᖅᐳᖅ	ᐅᖃ@ᓚᐅᖅ@ᐳᖅ
ᓯᓚᑦᑐᖅᓴᕐᕕᒻᒧᑦ	ᓯᓚ@ᑦᑐᖅ@ᓴᕐ@ᕕᒻ@ᒧᑦ
ᐃᒡᓗᕐᔪᐊᖅ	ᐃᒡᓗ@ᕐᔪᐊᖅ
ᐋᖅᑭᒋᐊᕈᑕᐅᔪᑦ	ᐋᖅᑭ@ᒋᐊ@ᕈᑕ@ᐅ@ᔪᑦ
ᐃᖅᑲᓇᐃᔮᔅᓴᖅ	ᐃᖅᑲᓇᐃᔮ@ᔅᓴᖅ
ᐊᒥᓱᓪᓗ	ᐊᒥᓱᓪ@ᓗ
ᐃᑲᔪᕈᑕᐅᔪᓄᑦ	ᐃᑲᔪ@ᕈᑕ@ᐅ@ᔪ@ᓄᑦ
ᒐᕙᒪᒃᑯᓐᓄ	ᒐᕙᒪ@ᒃᑯᓐ@ᓄ
ᓴᓇᔪᓕᕆᓂᕐᒧᑦ	ᓴᓇ@ᔪ@ᓕᕆ@ᓂᕐ@ᒧᑦ
ᑲᒪᔨᐅᓪᓗᓂ	ᑲᒪ@ᔨ@ᐅ@ᓪᓗᓂ
ᕿᒥᕐᕈᔭᐅᓂᖓᓄᑦ	ᕿᒥᕐᕈ@ᔭ@ᐅ@ᓂ@ᖓᓄᑦ
ᐱᖁᔭᕐᔪᐊᖓᑦ	ᐱ@ᖁ@ᔭᕐ@ᔪᐊ@ᖓᑦ
ᐱᒋᐊᕐᓗᓂ	ᐱ@ᒋᐊᕐ@ᓗᓂ
ᑕᒪᒃᑯᐊᒎᖅ	ᑕᒪᒃᑯᐊ@ᒎᖅ
ᖃᐅᔨᓴᕐᓂᕐᒥᑦ	ᖃᐅᔨ@ᓴᕐ@ᓂᕐ@ᒥᑦ
ᐃᓗᐊᓂᑦ	ᐃᓗ@ᐊᓂᑦ
ᐅᑲᓕ	ᐅᑲᓕ
ᐊᕐᕌᒍᓕᒫᖅ	ᐊᕐᕌᒍ@ᓕᒫᖅ
ᐱᓕᕆᕕᖕᒧᑦ	ᐱ@ᓕᕆ@ᕕᖕ@ᒧᑦ
ᓄᓇᓄᑦ	ᓄᓇ@ᓄᑦ
ᑐᓂᔭᐅᕙᑦᑐᑦ	ᑐᓂ@ᔭ@ᐅ@ᕙᑦ@ᑐᑦ
ᑕᐃᒃᓱᒪ	ᑕᐃᒃᓱ@ᒪ
ᑎᑭᕋᕐᔪᐊᖅ	ᑎᑭᕋᕐᔪᐊᖅ
ᖃᐅᔨᒪᔭᑐᖃᖓᑦ	ᖃᐅᔨᒪ@ᔭ@ᑐᖃ@ᖓᑦ
ᐊᕙᑎᓕᕆᔨᒃᑯᓐᓂᑦ	ᐊᕙᑎ@ᓕᕆ@ᔨ@ᒃᑯᓐ@ᓂᑦ
ᐱᕙᓪᓕᐊᔪᓂᒃ	ᐱ@ᕙᓪᓕᐊ@ᔪ@ᓂᒃ
ᑲᒪᔨ	ᑲᒪ@ᔨ
ᐅᖃᓕᒫᖅᑕᐅᕗᖅ	ᐅᖃ@ᓕᒫᖅ@ᑕ@ᐅ@ᕗᖅ
ᓴᓇᔨᐅᓂᕐᒧᑦ	ᓴᓇ@ᔨ@ᐅ@ᓂᕐ@ᒧᑦ
ᐱᓕᕆᕝᕕᖓᓄᑦ	ᐱ@ᓕᕆ@ᕝᕕ@ᖓᓄᑦ
ᐃᑲᔪᖅᑐᐃᕗᑦ	ᐃᑲᔪᖅ@ᑐ@ᐃ@ᕗᑦ
ᓂᕆᐅᒃᑐᒍᑦ	ᓂᕆᐅᒃ@ᑐᒍᑦ
ᐊᕐᕌᒍᐊ	ᐊᕐᕌᒍ@ᐊ
ᓇᒻᒥᓂᕆᔭᐅᔪᓄᑦ	ᓇᒻᒥᓂ@ᕆ@ᔭ@ᐅ@ᔪ@ᓄᑦ
ᐊᖏᕐᓂᖅ	ᐊᖏᕐ@ᓂᖅ
ᑕᒪᒃᑯᓂᖓᓗ	ᑕᒪᒃᑯ@ᓂᖓ@ᓗ
ᖃᒪᓂᖅᑐᐊᖅ	ᖃᒪᓂᖅᑐᐊᖅ
ᑲᔪᓯᒋᐊᕐᓗᑕ	ᑲᔪᓯ@ᒋᐊᕐ@ᓗᑕ
ᐃᑲᔪᕐᓂᕐᒧᑦ	ᐃᑲᔪᕐ@ᓂᕐ@ᒧᑦ
ᑕᐅᓐ	ᑕ@ᐅᓐ
ᓇᑲᓱᒃ	ᓇᑲᓱᒃ
ᓯᕿᙳᔭᐅᑉ	ᓯᕿ@ᙳ@ᔭ@ᐅ@ᑉ
ᐱᓕᕆᕕᖃᖅᑐᑦ	ᐱ@ᓕᕆ@ᕕ@ᖃᖅ@ᑐᑦ
ᐊᕐᕌᒍᒧ	ᐊᕐᕌᒍ@ᒧ
ᐃᓄᓕᕆᓂᖅ	ᐃᓄ@ᓕᕆ@ᓂᖅ
ᐱᐊᓂᒍᒪᓪᓗᓂ	ᐱ@ᐊᓂ@ᒍᒪ@ᓪᓗᓂ
ᓇᒻᒪᖓ	ᓇᒻᒪ@ᖓ
ᖁᕐᓗᖅᑑᖅ	ᖁᕐᓗᖅᑑᖅ
ᑲᓇᑕᒥᑦ	ᑲᓇᑕ@ᒥᑦ
ᑲᒪᒋᔭᖃᕐᒪᑕ	ᑲᒪ@ᒋ@ᔭ@ᖃᕐ@ᒪᑕ
ᕿᓂᕐᓂᕐᒧᑦ	ᕿᓂᕐ@ᓂᕐ@ᒧᑦ
ᓴᖅᑭᑎᕆᓂᖅ	ᓴᖅᑭ@ᑎ@ᕆ@ᓂᖅ
ᒐᕙᒪᓕᕆᔨᒃᑯᓐᓂᑦ	ᒐᕙᒪ@ᓕᕆ@ᔨ@ᒃᑯᓐ@ᓂᑦ
ᑭᓇᒥᒃ	ᑭᓇ@ᒥᒃ
ᐅᓇᑦᑕᐅᖅ	ᐅᓇ@ᑦᑕᐅᖅ
ᐱᓇᓱᐊᕈᓯᐅᓚᐅᖅᑐᒥᑦ	ᐱᓇᓱᐊᕈᓯ@ᐅ@ᓚᐅᖅ@ᑐ@ᒥᑦ
ᐹᑉ	ᐹ@ᑉ
ᑕᓗᕐᔪᐊᕐᒥᐅᑦ	ᑕᓗ@ᕐᔪᐊᕐ@ᒥ@ᐅᑦ
ᐃᓄ	ᐃᓄ
ᐊᓯᐊᑦᑕᐅᖅ	ᐊᓯ@ᐊ@ᑦᑕᐅᖅ
ᖃᒪᓂᑦᑐᐊᒥᑦ	ᖃᒪᓂᑦᑐᐊ@ᒥᑦ
ᐅᖓᓯᒃᑐᒧᑦ	ᐅᖓᓯᒃ@ᑐ@ᒧᑦ
ᓇᒻᒥᓂᕐᓗ	ᓇᒻᒥᓂᕐ@ᓗ
ᖃᒪᓂᑦᑐᐊᕐᒥᑦ	ᖃᒪᓂᑦᑐᐊᕐ@ᒥᑦ
ᑭᒃᑯᓕᒫᓂᒃ	ᑭᒃᑯ@ᓕᒫ@ᓂᒃ
ᐅᑉᓗᒥᒧᑦ	ᐅᑉᓗᒥ@ᒧᑦ
ᐅᖃᕋᑖᕋᕕᑦ	ᐅᖃ@ᕋᑖ@ᕋᕕᑦ
ᖁᕕᐊᓱᒃᐳᑦ	ᖁᕕᐊ@ᓱᒃ@ᐳᑦ
ᒫᓐᓇᓵᖅ	ᒫᓐᓇ@ᓵᖅ
ᐃᓗᐊᓄ	ᐃᓗ@ᐊᓄ
ᒐᕙᒪᓂᑦ	ᒐᕙᒪ@ᓂᑦ
ᐊᖏᔪᓂᒃ	ᐊᖏ@ᔪ@ᓂᒃ
ᑕᒪᒃᓱᒪ	ᑕᒪᒃᓱ@ᒪ
ᐅᔾᔨᕈᓱᓚᐅᖅᑐᑦ	ᐅᔾᔨ@ᕈᓱ@ᓚᐅᖅ@ᑐᑦ
ᐱᒋᐊᖅᑎᑕᐅᔪᑦ	ᐱ@ᒋᐊᖅ@ᑎ@ᑕ@ᐅ@ᔪᑦ
ᑰᒃ	ᑰᒃ
ᒥᓂᔅᑕᐅᓪᓗᓂ	ᒥᓂᔅᑕ@ᐅ@ᓪᓗᓂ
ᓴᓇᔪᓕᕆᔨᒃᑯᓐᓂᑦ	ᓴᓇ@ᔪ@ᓕᕆ@ᔨ@ᒃᑯᓐ@ᓂᑦ
ᐊᐱᕆᓚᐅᕋᒃᑯ	ᐊᐱᕆ@ᓚᐅ@ᕋᒃᑯ
ᐱᕙᓪᓕᐊᓂᖓᓄᑦ	ᐱ@ᕙᓪᓕᐊ@ᓂ@ᖓᓄᑦ
ᐊᓯᐊᓄ	ᐊᓯ@ᐊᓄ
ᑐᑭᖃᕐᒪᖔᑦ	ᑐᑭ@ᖃᕐ@ᒪᖔᑦ
ᖁᐊᓇᖅ	ᖁ@ᐊ@ᓇᖅ
ᒥᔅᓴ	ᒥᔅᓴ
ᐱᕙᓪᓕᐊᔪᓕᕆᓂᖅ	ᐱ@ᕙᓪᓕᐊ@ᔪ@ᓕᕆ@ᓂᖅ
ᐃᕐᖑᑕᕋ	ᐃᕐᖑᑕ@ᕋ
ᒐᕙᒪᖓᓂᒃ	ᒐᕙᒪ@ᖓᓂᒃ
ᐱᔾᔪᑕᐅᔪᓂᒃ	ᐱ@ᔾᔪᑕ@ᐅ@ᔪ@ᓂᒃ
ᐅᖃᑲᐃᓐᓇᕐᒪᑦ	ᐅᖃ@ᑲᐃᓐᓇᕐ@ᒪᑦ
ᐃᒻᒥᓂ	ᐃᒻᒥᓂ
ᐱᒻᒪᕆᐅᔪᒧᑦ	ᐱ@ᒻᒪᕆ@ᐅ@ᔪ@ᒧᑦ
ᐅᓂᒃᑳᓕᐊᒥᒃ	ᐅᓂᒃᑳ@ᓕᐊ@ᒥᒃ
ᓲᖃᐃᒻᒪᓕ	ᓲᖃᐃᒻᒪ@ᓕ
ᐱᓕᕆᕕᐊᓄᑦ	ᐱ@ᓕᕆ@ᕕ@ᐊᓄᑦ
ᑲᔪᓯᔪᓐᓇᖅᐳᑎᑦ	ᑲᔪᓯ@ᔪᓐᓇᖅ@ᐳᑎᑦ
ᐊᓪᓚᕝᕕᒃ	ᐊᓪᓚᕝ@ᕕᒃ
ᑖᑉᑯᓄᖓ	ᑖᑉᑯ@ᓄᖓ
ᐃᓱᒪᓕᕆᓂᖅ	ᐃᓱᒪ@ᓕᕆ@ᓂᖅ
ᐅᖃᖃᐅᒐᒪ	ᐅᖃ@ᖃᐅ@ᒐ@ᒪ
ᖃᐅᔨᓴᕈᑕᐅᔪᑦ	ᖃᐅᔨ@ᓴ@ᕈᑕ@ᐅ@ᔪᑦ
ᑐᙵᕕᒃᑯᓐᓂᑦ	ᑐᙵ@ᕕ@ᒃᑯᓐ@ᓂᑦ
ᓈᒻᒪᒃᐳᖅ	ᓈᒻᒪᒃ@ᐳᖅ
ᕿᒥᕐᕈᔨᓄᑦ	ᕿᒥᕐᕈ@ᔨ@ᓄᑦ
ᐱᓕᕆᔨᓄᑦ	ᐱ@ᓕᕆ@ᔨ@ᓄᑦ
ᐊᐃᑉᐸᖓᓂᑦ	ᐊᐃᑉᐸ@ᖓᓂᑦ
ᐃᑲᔪᖃᑦᑕᕐᒪᑕ	ᐃᑲᔪ@ᖃᑦᑕᕐ@ᒪᑕ
ᑕᒪᒃᑯᓄᖓᓗ	ᑕᒪᒃᑯ@ᓄᖓ@ᓗ
ᓇᒻᒪᓴᖅᑐᑦ	ᓇᒻᒪ@ᓴᖅ@ᑐᑦ
ᐊᔾᔨᖓᓂᑦ	ᐊᔾᔨ@ᖓᓂᑦ
ᖁᔭᓐᓇᒦᕈᒪᒻᒥᔭᒃᑲ	ᖁᔭᓐᓇᒦ@ᕈᒪ@ᒻᒥ@ᔭᒃᑲ
ᐃᒪᓐᓇᖃᐃ	ᐃᒪᓐᓇ@ᖃᐃ
ᐅᑎᕈᒪᓪᓗᓂ	ᐅᑎ@ᕈᒪ@ᓪᓗᓂ
ᑕᓯᓗᒃ	ᑕᓯ@ᓗᒃ
ᐃᒡᓗᑭᒃᓴᕐᓂᖅ	ᐃᒡᓗ@ᑭ@ᒃᓴᕐ@ᓂᖅ
ᕿᑎᖅᑰᒥ	ᕿᑎ@ᖅᑰ@ᒥ
ᓇᐅᓪᓚᖅ	ᓇᐅᓪᓚᖅ
ᐅᖃᕈᒪ	ᐅᖃ@ᕈᒪ
ᐊᖅᑯᑦ	ᐊᖅᑯᑦ
ᐱᓇᓱᐊᕈᓯᕐᒥᑦ	ᐱᓇᓱᐊᕈᓯᕐ@ᒥᑦ
ᐱᖁᔭᑦᓴᖅ	ᐱ@ᖁ@ᔭ@ᑦᓴᖅ
ᑕᐃᑉᑯᐊ	ᑕᐃᑉᑯᐊ
ᐋᓐᓂᐊᔪᓂᒃ	ᐋᓐᓂ@ᐊ@ᔪ@ᓂᒃ
ᒪᑉᐱᒐᕐᒧᑦ	ᒪᑉᐱ@ᒐᕐ@ᒧᑦ
ᐅᖃᕋᕕᑦ	ᐅᖃ@ᕋᕕᑦ
ᑭᒃᑯᓕᒫᓂᑦ	ᑭᒃᑯ@ᓕᒫ@ᓂᑦ
ᕿᒥᕐᕈᔪᒍᑦ	ᕿᒥᕐᕈ@ᔪᒍᑦ
ᐱᒻᒪᕆᐅᓂᖓᓄᑦ	ᐱ@ᒻᒪᕆ@ᐅ@ᓂ@ᖓᓄᑦ
ᕿᓚᓈᖅᐳᑦ	ᕿᓚᓈᖅ@ᐳᑦ
ᑲᓇᑕᐅᓪᓗ	ᑲᓇᑕ@ᐅᓪ@ᓗ
ᐃᑲᔪᖅᓱᕐᓂᖅ	ᐃᑲᔪᖅ@ᓱᕐ@ᓂᖅ
ᓯᕗᓪᓕᖅᐹᖓᓂᑦ	ᓯᕗ@ᓪᓕᖅ@ᐹ@ᖓᓂᑦ
ᐱᓕᕆᕕᒋᔭᕋ	ᐱ@ᓕᕆ@ᕕ@ᒋ@ᔭ@ᕋ
ᑕᐃᒪᒎᖅ	ᑕᐃᒪ@ᒎᖅ
ᐱᕙᓪᓕᐊᔪᓂᑦ	ᐱ@ᕙᓪᓕᐊ@ᔪ@ᓂᑦ
ᐃᓕᒃᓯᓐᓂᒃ	ᐃᓕ@ᒃᓯᓐᓂᒃ
ᐃᓕᖅᑯᓯᖓᓂᒃ	ᐃᓕᖅᑯᓯ@ᖓᓂᒃ
ᐃᓱᒪᒋᔭᐅᔪᓂᒃ	ᐃᓱᒪ@ᒋ@ᔭ@ᐅ@ᔪ@ᓂᒃ
ᓇᖕᒥᓂ	ᓇᖕᒥᓂ
ᒥᑭᔪᓄᑦ	ᒥᑭ@ᔪ@ᓄᑦ
ᓴᖅᑭᑦᑎᔪᓐᓇᕋᒪ	ᓴᖅᑭᑦ@ᑎ@ᔪᓐᓇ@ᕋᒪ
ᓇᒻᒥᓂᖁᑎᖃᖅᑐᑦ	ᓇᒻᒥᓂ@ᖁᑎ@ᖃᖅ@ᑐᑦ
ᑕᕝᕙᓕ	ᑕᕝᕙ@ᓕ
ᐱᔪᓐᓇᖅᑐᑦ	ᐱ@ᔪᓐᓇᖅ@ᑐᑦ
ᖃᒪᓂᖅᑐᐊᑉ	ᖃᒪᓂᖅᑐᐊ@ᑉ
ᐃᑲᔪᕈᑕᐅᔪᓂᒃ	ᐃᑲᔪ@ᕈᑕ@ᐅ@ᔪ@ᓂᒃ
ᐱᖓᔪᐊᓐᓄᑦ	ᐱᖓᔪᐊᓐ@ᓄᑦ
ᓱᓇᐅᒻᒪᖔᑕ	ᓱ@ᓇ@ᐅ@ᒻᒪᖔᑕ
ᓄᓇᓕᕆᓂᕐᒧᑦ	ᓄᓇ@ᓕᕆ@ᓂᕐ@ᒧᑦ
ᐊᖏᖅᑕᐅᑉᐸᑦ	ᐊᖏᖅ@ᑕ@ᐅ@ᑉᐸᑦ
ᑭᐅᔪᒪᕕᐅᒃ	ᑭᐅ@ᔪᒪ@ᕕᐅᒃ
ᐊᔾᔨᒌᖏᒻᒪᑕ	ᐊᔾᔨ@ᒌ@ᖏᒻ@ᒪᑕ
ᐃᓗᐊ	ᐃᓗ@ᐊ
ᓴᙱᔪᒥᒃ	ᓴᙱ@ᔪ@ᒥᒃ
ᐃᒡᓗᒥᑦ	ᐃᒡᓗ@ᒥᑦ
ᐊᖓᔪᖅᑳᕆᔭᐅᔪᓄᑦ	ᐊᖓᔪᖅᑳ@ᕆ@ᔭ@ᐅ@ᔪ@ᓄᑦ
ᒪᒃᐱᒐᕐᒧᑦ	ᒪᒃᐱ@ᒐᕐ@ᒧᑦ
ᑕᐃᑲ	ᑕᐃᑲ
ᑭᐅᔪᒪᒍᕕᐅᒃ	ᑭᐅ@ᔪᒪ@ᒍᕕᐅᒃ
ᓇᓗᓇᕐᒪᑦ	ᓇᓗ@ᓇᕐ@ᒪᑦ
ᐃᖅᑭᑦᑑᖅ	ᐃᖅᑭᑦ@ᑑᖅ
ᐃᓄᖕᒧᑦ	ᐃᓄᖕ@ᒧᑦ
ᐱᔭᐅᔪᓐᓇᖅᑐᑦ	ᐱ@ᔭ@ᐅ@ᔪᓐᓇᖅ@ᑐᑦ
ᑲᒪᔪᑦ	ᑲᒪ@ᔪᑦ
ᓇᓗᓇᐃᑲᐃᓐᓇᒃᑭᑦ	ᓇᓗᓇ@ᐃ@ᑲᐃᓐᓇ@ᒃᑭᑦ
ᓴᓇᔭᐅᔪᑦ	ᓴᓇ@ᔭ@ᐅ@ᔪᑦ
ᐊᑭᐊᓄᑦ	ᐊᑭ@ᐊᓄᑦ
ᐱᖁᔭᕐᔪᐊᑉ	ᐱ@ᖁ@ᔭᕐ@ᔪᐊ@ᑉ
ᐋᑐᕚᒥᑦ	ᐋᑐᕚ@ᒥᑦ
ᐅᐱᒍᓱᖃᑎᒋᔪᒪᕙᒃᑲ	ᐅᐱ@ᒍᓱ@ᖃᑎ@ᒋ@ᔪᒪ@ᕙ@ᒃᑲ
ᐊᓪᓚᕝᕕᖓᑦ	ᐊᓪᓚᕝ@ᕕ@ᖓᑦ
ᐃᓕᖅᑯᓯᑐᖃᓕᕆᓂᕐᒧᑦ	ᐃᓕᖅᑯᓯ@ᑐᖃ@ᓕᕆ@ᓂᕐ@ᒧᑦ
ᐊᐅᓚᑦᑎᔨᒃᑯᓐᓄᑦ	ᐊᐅᓚᑦ@ᑎ@ᔨ@ᒃᑯᓐ@ᓄᑦ
ᓂᕿᑦᑎᐊᕙᓕᕆᓂᖅ	ᓂᕿ@ᑦᑎᐊᕙ@ᓕᕆ@ᓂᖅ
ᐱᓕᕆᖃᑦᑕᖅᑐᑦ	ᐱ@ᓕᕆ@ᖃᑦᑕᖅ@ᑐᑦ
ᐱᔨᑦᓯᕋᐅᑎᖃᕐᓂᕐᒧᑦ	ᐱ@ᔨ@ᑦᓯ@ᕋ@ᐅᑎ@ᖃᕐ@ᓂᕐ@ᒧᑦ
ᐃᑲᔪᓚᐅᖅᑐᑦ	ᐃᑲᔪ@ᓚᐅᖅ@ᑐᑦ
ᖃᐅᔨᒪᕗᑎᑦ	ᖃᐅᔨᒪ@ᕗᑎᑦ
ᐊᑐᖅᑕᐅᔪᓂᒃ	ᐊᑐᖅ@ᑕ@ᐅ@ᔪ@ᓂᒃ
ᑐᙵᕕᒃᑯᓐᓄᑦ	ᑐᙵ@ᕕ@ᒃᑯᓐ@ᓄᑦ
ᐃᓪᓗᖃᖅᑐᑦ	ᐃᓪᓗ@ᖃᖅ@ᑐᑦ
ᐱᓇᓱᐊᕈᓯᓕᒫᖅ	ᐱᓇᓱᐊᕈᓯ@ᓕᒫᖅ
ᒥᐊᕆ	ᒥ@ᐊ@ᕆ
ᑑᓄ	ᑑ@ᓄ
ᑕᖅᑭ	ᑕᖅᑭ
ᑕᐃᔭᐅᔪᑦ	ᑕᐃ@ᔭ@ᐅ@ᔪᑦ
ᓄᓇᓂᒃ	ᓄᓇ@ᓂᒃ
ᐱᕈᖅᐸᓪᓕᐊᔪᓕᕆᓂᕐᒧᑦ	ᐱᕈᖅ@ᐸᓪᓕᐊ@ᔪ@ᓕᕆ@ᓂᕐ@ᒧᑦ
ᑭᒃᑯᓐᓂᒃ	ᑭᒃᑯᓐ@ᓂᒃ
ᐃᓚᒋᔭᐅᒻᒪᑦ	ᐃᓚ@ᒋ@ᔭ@ᐅ@ᒻᒪᑦ
ᖃᖓᓕᒫᖅ	ᖃᖓ@ᓕᒫᖅ
ᑕᓪᓕᒪᐅᔪᑦ	ᑕᓪᓕᒪ@ᐅ@ᔪᑦ
ᒥᓂᔅᑕᐅᔪᒥᑦ	ᒥᓂᔅᑕ@ᐅ@ᔪ@ᒥᑦ
ᒐᕙᒪᐅᔪᓂᒃ	ᒐᕙᒪ@ᐅ@ᔪ@ᓂᒃ
ᐱᓕᕆᖃᑎᒌᓐᓂᖅ	ᐱ@ᓕᕆ@ᖃᑎ@ᒌᓐ@ᓂᖅ
ᓂᐅᕕᕐᓂᖅ	ᓂᐅᕕᕐ@ᓂᖅ
ᐱᓕᕆᕕᐊᓂᒃ	ᐱ@ᓕᕆ@ᕕ@ᐊᓂᒃ
ᒪᓕᒃᑐᑦ	ᒪᓕᒃ@ᑐᑦ
ᐃᖏᕐᕋᔪᓕᕆᔨᒃᑯᓐᓂᑦ	ᐃᖏᕐᕋ@ᔪ@ᓕᕆ@ᔨ@ᒃᑯᓐ@ᓂᑦ
ᐊᕙᑎᒥᐅᑕᓕᕆᓂᕐᒧᑦ	ᐊᕙᑎ@ᒥᐅᑕ@ᓕᕆ@ᓂᕐ@ᒧᑦ
ᒥᑦᑎᒪᑕᓕᒻᒥᑦ	ᒥᑦᑎᒪᑕᓕᒻ@ᒥᑦ
ᓂᕆᐅᒃᐳᒍᑦ	ᓂᕆᐅᒃ@ᐳᒍᑦ
ᑕᒻᓴᓐ	ᑕᒻᓴᓐ
ᑲᒪᒋᔭᐅᒻᒪᑕ	ᑲᒪ@ᒋ@ᔭ@ᐅ@ᒻᒪᑕ
ᖃᐅᔨᒪᕗᖅ	ᖃᐅᔨᒪ@ᕗᖅ
ᓯᐅᕋ	ᓯᐅᕋ
ᐊᐱᕆᓚᐅᕐᒪᑦ	ᐊᐱᕆ@ᓚᐅᕐ@ᒪᑦ
ᐃᓕᔅᓯᓐᓄᓕᒫᖅ	ᐃᓕ@ᔅᓯᓐᓄ@ᓕᒫᖅ
ᓯᑕᒪᓄᑦ	ᓯᑕᒪ@ᓄᑦ
ᑐᓂᔭᐅᕗᖅ	ᑐᓂ@ᔭ@ᐅ@ᕗᖅ
ᑐᐊᕕᕐᓇᖅᑐᖃᖅᑎᓪᓗᒍ	ᑐᐊᕕᕐ@ᓇᖅ@ᑐ@ᖃᖅ@ᑎᓪᓗᒍ
ᑲᔪᓯᓗᖓ	ᑲᔪᓯ@ᓗᖓ
ᓱᓇᓄᑦ	ᓱᓇ@ᓄᑦ
ᑲᒪᒋᔭᖃᖅᑐᑦ	ᑲᒪ@ᒋ@ᔭ@ᖃᖅ@ᑐᑦ
ᐃᑲᔪᕐᓂᖅ	ᐃᑲᔪᕐ@ᓂᖅ
ᐋᓐᓂᐊᔪᓄᑦ	ᐋᓐᓂ@ᐊ@ᔪ@ᓄᑦ
ᒥᓕᐊᓂ	ᒥᓕ@ᐊ@ᓂ
ᐅᓪᓗᒥᒧ	ᐅᓪᓗᒥ@ᒧ
ᐅᕕᒃᑲᐅᔪᓂᒃ	ᐅᕕ@ᒃᑲ@ᐅ@ᔪ@ᓂᒃ
ᐊᕐᕌᓂᓂᒃ	ᐊᕐᕌᓂ@ᓂᒃ
ᐃᖏᕐᕋᔪᓕᕆᓂᖅ	ᐃᖏᕐᕋ@ᔪ@ᓕᕆ@ᓂᖅ
ᑐᕌᖓᔪᒥᑦ	ᑐᕌ@ᖓ@ᔪ@ᒥᑦ
ᑎᑭᕋᕐᔪᐊᕐᒧᑦ	ᑎᑭᕋᕐᔪᐊᕐ@ᒧᑦ
ᐃᑲᔪᕈᓐᓇᖅᑐᑦ	ᐃᑲᔪ@ᕈᓐᓇᖅ@ᑐᑦ
ᐱᔪᓐᓇᕐᒪᖔᑕ	ᐱ@ᔪᓐᓇᕐ@ᒪᖔᑕ
ᑕᒪᑐᒪᙵᑦ	ᑕᒪᑐ@ᒪᙵᑦ
ᑕᓪᓕᒪᓄ	ᑕᓪᓕᒪ@ᓄ
ᐊᖏᔪᓂᑦ	ᐊᖏ@ᔪ@ᓂᑦ
ᑭᓇᑭᐊᖅ	ᑭᓇ@ᑭᐊᖅ
ᐃᖅᑲᖅᑐᐃᔨ	ᐃᖅᑲᖅ@ᑐ@ᐃ@ᔨ
ᐅᓐᓃᑦ	ᐅᓐᓃᑦ
ᑕᐃᔭᐅᔪᒥᒃ	ᑕᐃ@ᔭ@ᐅ@ᔪ@ᒥᒃ
ᓄᓇᕗᒻᒥᐅᑕᐅᔪᓂᒃ	ᓄᓇᕗᒻ@ᒥᐅᑕ@ᐅ@ᔪ@ᓂᒃ
ᓇᓄᓕᕆᓂᕐᒧᑦ	ᓇᓄ@ᓕᕆ@ᓂᕐ@ᒧᑦ
ᑖᒃᑯᓄᖓᓗ	ᑖᒃᑯ@ᓄᖓ@ᓗ
ᕿᓂᕐᓂᖅ	ᕿᓂᕐ@ᓂᖅ
ᒫᓂᑑᐸ	ᒫᓂᑑᐸ
ᑕᐃᕙᑦ	ᑕᐃ@ᕙᑦ
ᐃᓕᖅᑯᓯᖓᑦ	ᐃᓕᖅᑯᓯ@ᖓᑦ
ᑲᒪᒋᔭᖃᖅᑐᒧᑦ	ᑲᒪ@ᒋ@ᔭ@ᖃᖅ@ᑐ@ᒧᑦ
ᒥᓂᔅᑕᖃᕐᕕᒃ	ᒥᓂᔅᑕ@ᖃᕐᕕᒃ
ᐃᓱᒪᒧᑦ	ᐃᓱᒪ@ᒧᑦ
ᐃᓕᖅᑯᓯᕐᒧᑦ	ᐃᓕᖅᑯᓯᕐ@ᒧᑦ
ᐃᑲᔪᑲᐃᓐᓇᒃᑭᑦ	ᐃᑲᔪ@ᑲᐃᓐᓇ@ᒃᑭᑦ
ᑖᓐᓇᑐᐊᖅ	ᑖᓐ@ᓇ@ᑐᐊᖅ
ᓄᖅᑲᓂᕐᒧᑦ	ᓄᖅᑲ@ᓂᕐ@ᒧᑦ
ᐃᓂᖅᑎᕆᓂᖅ	ᐃᓂᖅ@ᑎ@ᕆ@ᓂᖅ
ᐱᓕᕆᔨᐅᔪᓂᒃ	ᐱ@ᓕᕆ@ᔨ@ᐅ@ᔪ@ᓂᒃ
ᐱᙳᐊᕐᕕᒃ	ᐱ@ᙳᐊᕐ@ᕕᒃ
ᐊᖏᑎᒋᔪᒥᒃ	ᐊᖏ@ᑎᒋ@ᔪ@ᒥᒃ
ᓄᓇᖓᓄᑦ	ᓄᓇ@ᖓᓄᑦ
ᒪᒥᓴᕐᕕᒃ	ᒪᒥ@ᓴᕐ@ᕕᒃ
ᐱᖃᓐᓇᕆᔭᕋ	ᐱᖃᓐᓇᕆᔭ@ᕋ
ᐱᕙᓪᓕᐊᓂᖅ	ᐱ@ᕙᓪᓕᐊ@ᓂᖅ
ᐊᖃᒍ	ᐊᖃᒍ
ᒪᑐᒥᖓ	ᒪᑐ@ᒥᖓ
ᐅᕙᑦᑎᓐᓄᓕᒫᖅ	ᐅᕙ@ᑦᑎᓐᓄ@ᓕᒫᖅ
ᑐᕌᖓᒻᒪᑕ	ᑐᕌ@ᖓ@ᒻᒪᑕ
ᖁᔭᓐᓇᒦᕈᒪᒻᒥᔭᕋ	ᖁᔭᓐᓇᒦ@ᕈᒪ@ᒻᒥ@ᔭᕋ
ᐃᓕᖅᑯᓯᓕᕆᓂᕐᒧᓪᓗ	ᐃᓕᖅᑯᓯ@ᓕᕆ@ᓂᕐ@ᒧᓪ@ᓗ
ᑎᑎᖅᑲᐅᑉ	ᑎᑎ@ᖅᑲ@ᐅ@ᑉ
ᓇᖕᒥᓂᕆᔭᐅᔪᑦ	ᓇᖕᒥᓂ@ᕆ@ᔭ@ᐅ@ᔪᑦ
ᐊᖓᔪᖅᑳᖃᕐᕕᒃ	ᐊᖓᔪᖅᑳ@ᖃᕐᕕᒃ
ᐱᓕᕆᖃᑦᑕᕐᒪᑕ	ᐱ@ᓕᕆ@ᖃᑦᑕᕐ@ᒪᑕ
ᐊᐱᖅᓱᕋᕕᑦ	ᐊᐱᖅ@ᓱ@ᕋᕕᑦ
ᐅᑭᐊᖅ	ᐅᑭᐊᖅ
ᑭᓯᐊᓂᐅᒻᒪᑦ	ᑭᓯ@ᐊ@ᓂ@ᐅ@ᒻᒪᑦ
ᑭᒃᑯᓐᓂᑦ	ᑭᒃᑯᓐ@ᓂᑦ
ᖁᕕᐊᓱᓚᐅᖅᐳᑦ	ᖁᕕᐊ@ᓱ@ᓚᐅᖅ@ᐳᑦ
ᓇᒻᒥᓂᕐᓕ	ᓇᒻᒥᓂᕐ@ᓕ
ᒪᒃᐱᖅᑐᕋᖓᓂ	ᒪᒃᐱᖅ@ᑐ@ᕋ@ᖓ@ᓂ
ᐱᔭᑦᓴᒧ	ᐱ@ᔭ@ᑦᓴ@ᒧ
ᑎᑎᖅᑲᐅᔪᒥᒃ	ᑎᑎ@ᖅᑲᐅ@ᔪ@ᒥᒃ
ᐱᓕᕆᕕᖓᓂᒃ	ᐱ@ᓕᕆ@ᕕ@ᖓᓂᒃ
ᓴᓇᔨᓄᑦ	ᓴᓇ@ᔨ@ᓄᑦ
ᕿᓂᖅᑐᒍᑦ	ᕿᓂᖅ@ᑐᒍᑦ
ᕿᓂᖅᑐᑦ	ᕿᓂᖅ@ᑐᑦ
ᐱᓕᕆᕕᐅᔪᒥᑦ	ᐱ@ᓕᕆ@ᕕ@ᐅ@ᔪ@ᒥᑦ
ᓯᕗᓪᓕᖅᐸᒥ	ᓯᕗ@ᓪᓕᖅ@ᐸ@ᒥ
ᐊᕐᕕᐊᒧᑦ	ᐊᕐᕕᐊ@ᒧᑦ
ᓅᕕᒻᐱᕆ	ᓅᕕᒻᐱᕆ
ᖁᑦᑎᑦᑐᕐᒧᑦ	ᖁᑦᑎᑦᑐᕐ@ᒧᑦ
ᐱᓕᕆᕝᕕᖓᑦᑕ	ᐱ@ᓕᕆ@ᕝᕕ@ᖓᑦᑕ
ᐅᖅᓱᖅ	ᐅᖅᓱᖅ
ᑭᐅᔪᓐᓇᕐᒪᑦ	ᑭᐅ@ᔪᓐᓇᕐ@ᒪᑦ
ᑕᐃᒫᖃᐃ	ᑕᐃᒫ@ᖃᐃ
ᐃᑲᔪᕈᓐᓇᕐᒪᖔᑕ	ᐃᑲᔪ@ᕈᓐᓇᕐ@ᒪᖔᑕ
ᖁᕕᐊᓱᒃᑐᑦ	ᖁᕕᐊ@ᓱᒃ@ᑐᑦ
ᒐᕙᒪᑎᒍᑦ	ᒐᕙᒪ@ᑎᒍᑦ
ᒑᓴᓖᒥᑦ	ᒑᓴᓖ@ᒥᑦ
ᒪᑐᐃᖅᐸᓪᓕᐊᓂᕐᒧᑦ	ᒪᑐ@ᐃᖅ@ᐸᓪᓕᐊ@ᓂᕐ@ᒧᑦ
ᐊᑐᓕᖅᑎᑕᐅᓂᖓᓄᑦ	ᐊᑐ@ᓕᖅ@ᑎ@ᑕ@ᐅ@ᓂ@ᖓᓄᑦ
ᑲᔪᓯᔪᒪᓪᓗᖓ	ᑲᔪᓯ@ᔪᒪ@ᓪᓗᖓ
ᓂᕆᐅᒃᑐᑦ	ᓂᕆᐅᒃ@ᑐᑦ
ᐳᕌᓐᑕᓐ	ᐳᕌᓐᑕᓐ
ᐃᓪᓗᖃᕐᓂᕐᒧᑦ	ᐃᓪᓗ@ᖃᕐ@ᓂᕐ@ᒧᑦ
ᑲᒪᔨᐅᔪᓄᑦ	ᑲᒪ@ᔨ@ᐅ@ᔪ@ᓄᑦ
ᒥᕝᕕᒃ	ᒥᕝ@ᕕᒃ
ᐃᓚᒋᔭᐅᔪᒧᑦ	ᐃᓚ@ᒋ@ᔭ@ᐅ@ᔪ@ᒧᑦ
ᓯᕗᓪᓕᖅᐹᒧᑦ	ᓯᕗ@ᓪᓕᖅ@ᐹ@ᒧᑦ
ᐅᑎᕐᓗᓂ	ᐅᑎᕐ@ᓗᓂ
ᐊᖏᖅᐱᓯᐅ	ᐊᖏᖅ@ᐱᓯᐅ
ᐊᐅᓱᐃᑦᑐᒧᑦ	ᐊᐅᓱᐃᑦᑐ@ᒧᑦ
ᓯᓚᑦᑐᓴᕐᕕᒻᒥᑦ	ᓯᓚ@ᑦᑐ@ᓴᕐ@ᕕᒻ@ᒥᑦ
ᐅᖅᓱᒧᑦ	ᐅᖅᓱ@ᒧᑦ
ᓱᓇᒥᑦ	ᓱᓇ@ᒥᑦ
ᑲᓇᖕᓇᖓᓄᑦ	ᑲᓇᖕᓇ@ᖓᓄᑦ
ᑲᔪᓯᔪᒪᔪᒍᑦ	ᑲᔪᓯ@ᔪᒪ@ᔪᒍᑦ
ᐊᐱᕆᖅᑲᐅᒻᒪᑦ	ᐊᐱᕆ@ᖅᑲᐅ@ᒻᒪᑦ
ᑲᒪᖃᑦᑕᖅᑐᑦ	ᑲᒪ@ᖃᑦᑕᖅ@ᑐᑦ
ᑲᒪᒋᔭᖃᑦᑐᒧᑦ	ᑲᒪ@ᒋ@ᔭ@ᖃᑦ@ᑐ@ᒧᑦ
ᖃᓄᖅᓕ	ᖃᓄᖅ@ᓕ
ᕿᒥᕐᕈᓂᕐᒥᑦ	ᕿᒥᕐᕈ@ᓂᕐ@ᒥᑦ
ᐱᔪᑦ	ᐱ@ᔪᑦ
ᑖᓚᓂᑦ	ᑖᓚ@ᓂᑦ
ᓇᔭᒐ	ᓇᔭ@ᒐ
ᐅᓪᓗᕆᐊᖅ	ᐅᓪᓗᕆᐊᖅ
ᐊᑲᐅᔅᓴᖅᑐᑦ	ᐊᑲᐅ@ᔅᓴᖅ@ᑐᑦ
ᐱᓕᕆᔨᓂᒃ	ᐱ@ᓕᕆ@ᔨ@ᓂᒃ
ᒥᓂᔅᑕᐅᔪᓂᑦ	ᒥᓂᔅᑕ@ᐅ@ᔪ@ᓂᑦ
ᐊᖓᔪᖅᑳᖓᓂᒃ	ᐊᖓᔪᖅᑳ@ᖓᓂᒃ
ᐊᐱᕆᓚᐅᕋᒪ	ᐊᐱᕆ@ᓚᐅ@ᕋᒪ
ᑎᑭᕋᕐᔪᐊᒧᑦ	ᑎᑭᕋᕐᔪᐊ@ᒧᑦ
ᐊᑭᓕᒃᓴᕆᔭᐅᔪᑦ	ᐊᑭ@ᓕ@ᒃᓴ@ᕆ@ᔭ@ᐅ@ᔪᑦ
ᓄᖅᑲᖔᓚᐅᑲᓚᐅᖅᐳᑦ	ᓄᖅᑲ@ᖔ@ᓚᐅᑲ@ᓚᐅᖅ@ᐳᑦ
ᐃᖅᑲᖅᑐᐃᔨᓄᑦ	ᐃᖅᑲᖅ@ᑐ@ᐃ@ᔨ@ᓄᑦ
ᐅᔾᔨᕈᓱᒃᑐᑦ	ᐅᔾᔨ@ᕈᓱᒃ@ᑐᑦ
ᑐᑭᖓᓂᒃ	ᑐᑭ@ᖓᓂᒃ
ᐊᑭᐅᔪᓄᑦ	ᐊᑭ@ᐅ@ᔪ@ᓄᑦ
ᒪᕐᕈᐃᓂᒃ	ᒪᕐᕈ@ᐃᓂᒃ
ᓄᖑᐊᓂ	ᓄᖑ@ᐊ@ᓂ
ᐱᒻᒪᕆᐅᖕᒪᑕ	ᐱ@ᒻᒪᕆ@ᐅ@ᖕᒪᑕ
ᐃᓚ	ᐃᓚ
ᐱᓕᕆᖃᑎᖃᖅᑐᒍᑦ	ᐱ@ᓕᕆ@ᖃᑎ@ᖃᖅ@ᑐᒍᑦ
ᐊᒃᓱᓪᓛᓗᒃ	ᐊᒃᓱ@ᓪᓛᓗᒃ
ᐃᓚᒋᔭᐅᔪᓂᒃ	ᐃᓚ@ᒋ@ᔭ@ᐅ@ᔪ@ᓂᒃ
ᑎᑎᖅᑲᐅᔪᓂᒃ	ᑎᑎ@ᖅᑲᐅ@ᔪ@ᓂᒃ
ᓇᒻᒥᓂᖃᑦᑐᑦ	ᓇᒻᒥᓂ@ᖃᑦ@ᑐᑦ
ᐅᖃᕐᕕᖓᑦ	ᐅᖃᕐ@ᕕ@ᖓᑦ
ᐃᓂᒋᔭᐅᔪᑦ	ᐃᓂ@ᒋ@ᔭ@ᐅ@ᔪᑦ
ᐊᕙᑎᓂᒃ	ᐊᕙᑎ@ᓂᒃ
ᒥᓂᔅᑕᖃᕐᕕᒻᒧᑦ	ᒥᓂᔅᑕ@ᖃᕐᕕᒻ@ᒧᑦ
ᖃᐅᔨᒪᔭᑐᖃᖓᓂᒃ	ᖃᐅᔨᒪ@ᔭ@ᑐᖃ@ᖓᓂᒃ
ᑕᐃᒫᒃᑕᐅᖅ	ᑕᐃᒫᒃ@ᑕᐅᖅ
