ᐱᓕᕆᕕᐊᓄᑦ	ᐱ@ᓕᕆ@ᕕ@ᐊᓄᑦ
ᑕᖅᑲᒃᑯᓂᖓ	ᑕᖅᑲᒃᑯ@ᓂᖓ
ᐊᓯᐊᑦᑕᐅᖅ	ᐊᓯ@ᐊ@ᑦᑕᐅᖅ
ᑕᐃᒃᑯᐊᓗ	ᑕᐃᒃᑯᐊ@ᓗ
ᐊᑯᓂᒃ	ᐊᑯ@ᓂᒃ
ᑲᔪᓯᒋᐊᕆᑦ	ᑲᔪᓯ@ᒋᐊ@ᕆᑦ
ᒥᓂᔅᑕᖃᕐᕕᒃ	ᒥᓂᔅᑕ@ᖃᕐᕕᒃ
ᓱᓇᓂᒃ	ᓱᓇ@ᓂᒃ
ᒪᑉᐱᒐᖅ	ᒪᑉᐱ@ᒐᖅ
ᑕᐃᕕᑦ	ᑕᐃ@ᕕᑦ
ᐊᖏᔪᒥᑦ	ᐊᖏ@ᔪ@ᒥᑦ
ᐱᕙᓪᓕᐊᔪᓕᕆᓂᖅ	ᐱ@ᕙᓪᓕᐊ@ᔪ@ᓕᕆ@ᓂᖅ
ᐊᑐᓂᑦ	ᐊᑐᓂᑦ
ᒪᑉᐱᖅᑐᒐᕐᒧᑦ	ᒪᑉᐱᖅ@ᑐ@ᒐᕐ@ᒧᑦ
ᓴᓂᑭᓗᐊᑉ	ᓴᓂᑭᓗᐊ@ᑉ
ᓴᖅᑭᑎᕆᓂᖅ	ᓴᖅᑭ@ᑎ@ᕆ@ᓂᖅ
ᑕᓪᓕᒪᓂᒃ	ᑕᓪᓕᒪ@ᓂᒃ
ᐅᖓᓯᒃᑐᒧᑦ	ᐅᖓᓯᒃ@ᑐ@ᒧᑦ
ᐃᓚᒌᓄᓪᓗ	ᐃᓚ@ᒌ@ᓄᓪ@ᓗ
ᐊᔾᔨᖓᓂᑦ	ᐊᔾᔨ@ᖓᓂᑦ
ᐊᔾᔨᒌᖏᒻᒪᑕ	ᐊᔾᔨ@ᒌ@ᖏᒻ@ᒪᑕ
ᖃᒪᓂᑦᑐᐊᕐᒥᑦ	ᖃᒪᓂᑦᑐᐊᕐ@ᒥᑦ
ᖁᔭᓐᓇᒦᕈᒪᒻᒥᔭᕋ	ᖁᔭᓐᓇᒦ@ᕈᒪ@ᒻᒥ@ᔭᕋ
ᐱᖁᔭᒃᓴᒧᑦ	ᐱ@ᖁ@ᔭ@ᒃᓴ@ᒧᑦ
ᑐᐊᕕᕐᓇᖅᑐᖃᖅᑎᓪᓗᒍ	ᑐᐊᕕᕐ@ᓇᖅ@ᑐ@ᖃᖅ@ᑎᓪᓗᒍ
ᒥᓂᔅᑕᐅᔪᒥᒃ	ᒥᓂᔅᑕ@ᐅ@ᔪ@ᒥᒃ
ᐃᓗᐊᓂᑦ	ᐃᓗ@ᐊᓂᑦ
ᐊᑭᖓᓄᑦ	ᐊᑭ@ᖓᓄᑦ
ᓇᒧᑐᐃᓐᓇᖅ	ᓇᒧ@ᑐᐃᓐᓇᖅ
ᐊᒥᑦᑐᕐᒧᑦ	ᐊᒥᑦᑐᕐ@ᒧᑦ
ᒐᕙᒪᒃᑯᓐᓂᒃ	ᒐᕙᒪ@ᒃᑯᓐ@ᓂᒃ
ᐸᕐᓇᐅᑦ	ᐸᕐᓇ@ᐅᑦ
ᑕᒻᒪᕈᒪ	ᑕᒻᒪ@ᕈᒪ
ᐃᖏᕐᕋᔪᓕᕆᔨᒃᑯᓐᓄᓪᓗ	ᐃᖏᕐᕋ@ᔪ@ᓕᕆ@ᔨ@ᒃᑯᓐ@ᓄᓪ@ᓗ
ᒐᕙᒪᒃᑯᓐᓂᑦ	ᒐᕙᒪ@ᒃᑯᓐ@ᓂᑦ
ᑲᒪᔨᐅᔪᓄᑦ	ᑲᒪ@ᔨ@ᐅ@ᔪ@ᓄᑦ
ᑭᐅᔪᒪᒍᕕᐅᒃ	ᑭᐅ@ᔪᒪ@ᒍᕕᐅᒃ
ᓂᕆᐅᒃᑐᑦ	ᓂᕆᐅᒃ@ᑐᑦ
ᖃᐅᔨᓴᕐᓂᖅ	ᖃᐅᔨ@ᓴᕐ@ᓂᖅ
ᖃᒪᓂᖅᑐᐊᖅ	ᖃᒪᓂᖅᑐᐊᖅ
ᐃᑲᔪᕈᑕᐅᔪᓄᑦ	ᐃᑲᔪ@ᕈᑕ@ᐅ@ᔪ@ᓄᑦ
ᐅᖃᓚᐅᕐᒪᑦ	ᐅᖃ@ᓚᐅᕐ@ᒪᑦ
ᐃᑲᔪᑲᐃᓐᓇᒃᑭᑦ	ᐃᑲᔪ@ᑲᐃᓐᓇ@ᒃᑭᑦ
ᑕᒪᒃᑯᓄᖓ	ᑕᒪᒃᑯ@ᓄᖓ
ᐄᐳᕈᓪ	ᐄᐳᕈᓪ
ᑕᒪᑦᓱᒪ	ᑕᒪᑦᓱ@ᒪ
ᐊᑭᐅᔪᑦ	ᐊᑭ@ᐅ@ᔪᑦ
ᒐᕙᒪᓕᕆᔨᒃᑯᓐᓄᑦ	ᒐᕙᒪ@ᓕᕆ@ᔨ@ᒃᑯᓐ@ᓄᑦ
ᐱᖓᓱᓂᒃ	ᐱᖓᓱ@ᓂᒃ
ᐊᒥᓱᓪᓗ	ᐊᒥᓱᓪ@ᓗ
ᑭᓇᒥᒃ	ᑭᓇ@ᒥᒃ
ᐃᒪᓐᓇᒃ	ᐃᒪᓐᓇᒃ
ᐊᖓᔪᖅᑳᖃᕐᕕᒃ	ᐊᖓᔪᖅᑳ@ᖃᕐᕕᒃ
ᕕᕝᕗᐊᕆ	ᕕᕝᕗᐊᕆ
ᐃᓚᒌᓄᑦ	ᐃᓚ@ᒌ@ᓄᑦ
ᑎᑭᕋᕐᔪᐊᒧᑦ	ᑎᑭᕋᕐᔪᐊ@ᒧᑦ
ᒐᕙᒪᓕᕆᔨᒃᑯᓐᓂᑦ	ᒐᕙᒪ@ᓕᕆ@ᔨ@ᒃᑯᓐ@ᓂᑦ
ᑕᒪᒃᑯᓇᓂ	ᑕᒪᒃᑯ@ᓇᓂ
ᐅᕙᑦᑎᓐᓄᑦ	ᐅᕙ@ᑦᑎᓐᓄᑦ
ᕿᓂᕐᓂᕐᒧᑦ	ᕿᓂᕐ@ᓂᕐ@ᒧᑦ
ᐊᐅᓚᑦᑎᔨ	ᐊᐅᓚᑦ@ᑎ@ᔨ
ᓈᒻᒪᒃᐳᖅ	ᓈᒻᒪᒃ@ᐳᖅ
ᑖᒃᑯᐊᑦᑕᐅᖅ	ᑖᒃᑯᐊ@ᑦᑕᐅᖅ
ᐊᓯᐊ	ᐊᓯ@ᐊ
ᒪᑯᐊ	ᒪᑯᐊ
ᒐᕙᒪᓄᑦ	ᒐᕙᒪ@ᓄᑦ
ᑐᕌᖓᔪᒥᒃ	ᑐᕌ@ᖓ@ᔪ@ᒥᒃ
ᓇᑦᑎᖅ	ᓇᑦᑎᖅ
ᐅᑎᕈᒪᓪᓗᓂ	ᐅᑎ@ᕈᒪ@ᓪᓗᓂ
ᐋᓐᓂᐊᔪᓄᑦ	ᐋᓐᓂ@ᐊ@ᔪ@ᓄᑦ
ᓱᕐᓗ	ᓱᕐᓗ
ᖃᓄᑐᐃᓐᓇᖅ	ᖃᓄ@ᑐᐃᓐᓇᖅ
ᐊᑭᐅᔪᓄᑦ	ᐊᑭ@ᐅ@ᔪ@ᓄᑦ
ᑭᒃᑯᓕᒫᓄᑦ	ᑭᒃᑯ@ᓕᒫ@ᓄᑦ
ᒥᓂᔅᑕᐅᔪᒥᑦ	ᒥᓂᔅᑕ@ᐅ@ᔪ@ᒥᑦ
ᐱᓕᕆᕕᒻᒧᑦ	ᐱ@ᓕᕆ@ᕕᒻ@ᒧᑦ
ᐃᓕᖅᑯᓯᖓᓂᒃ	ᐃᓕᖅᑯᓯ@ᖓᓂᒃ
ᖃᖓᑐᐃᓐᓇᖅ	ᖃᖓ@ᑐᐃᓐᓇᖅ
ᓴᓂᑭᓗᐊᕐᒧᑦ	ᓴᓂᑭᓗᐊᕐ@ᒧᑦ
ᐱᒻᒪᕆᐅᔪᒥᒃ	ᐱ@ᒻᒪᕆ@ᐅ@ᔪ@ᒥᒃ
ᓴᓇᓂᕐᒧᑦ	ᓴᓇ@ᓂᕐ@ᒧᑦ
ᒫᓐᓇᓵᖅ	ᒫᓐᓇ@ᓵᖅ
ᑭᓱᒥᒃ	ᑭᓱ@ᒥᒃ
ᑕᐃᒪᒎᖅ	ᑕᐃᒪ@ᒎᖅ
ᐱᓕᕆᕕᖓᓄᑦ	ᐱ@ᓕᕆ@ᕕ@ᖓᓄᑦ
ᑎᑎᖅᑲᐅᑉ	ᑎᑎ@ᖅᑲ@ᐅ@ᑉ
ᒐᕙᒪᒃᑯᓄᓪᓗ	ᒐᕙᒪ@ᒃᑯ@ᓄᓪ@ᓗ
ᐱᖁᑎᓄᑦ	ᐱ@ᖁᑎ@ᓄᑦ
ᖃᐅᔨᒪᕗᑎᑦ	ᖃᐅᔨᒪ@ᕗᑎᑦ
ᒥᔅᑐ	ᒥᔅᑐ
ᐊᒥᓱᑦ	ᐊᒥᓱᑦ
ᐱᒻᒪᕆᐅᕗᖅ	ᐱ@ᒻᒪᕆ@ᐅ@ᕗᖅ
ᒑᓴᓖᒧᑦ	ᒑᓴᓖ@ᒧᑦ
ᐊᕙᑎᒧᑦ	ᐊᕙᑎ@ᒧᑦ
ᓇᒻᒥᓂᕆᔭᐅᔪᑦ	ᓇᒻᒥᓂ@ᕆ@ᔭ@ᐅ@ᔪᑦ
ᑲᓇᔪᖅ	ᑲᓇᔪᖅ
ᖃᐅᔨᓴᐃᓂᖅ	ᖃᐅᔨ@ᓴ@ᐃ@ᓂᖅ
ᑕᓗᕐᔪᐊᒥ	ᑕᓗ@ᕐᔪᐊ@ᒥ
ᓇᖕᒥᓂᖃᖅᑐᑦ	ᓇᖕᒥᓂ@ᖃᖅ@ᑐᑦ
ᑐᑭᖃᖅᐳᖅ	ᑐᑭ@ᖃᖅ@ᐳᖅ
ᐃᕐᓂᕋ	ᐃᕐᓂ@ᕋ
ᓄᓇᓄᑦ	ᓄᓇ@ᓄᑦ
ᑲᓇᑕᐅᓪᓗ	ᑲᓇᑕ@ᐅᓪ@ᓗ
ᓯᕿᙳᔭᐅᑉ	ᓯᕿ@ᙳ@ᔭ@ᐅ@ᑉ
ᖃᓄᑭᐊᖅ	ᖃᓄ@ᑭᐊᖅ
ᐃᓕᖅᑯᓯᕐᒧᑦ	ᐃᓕᖅᑯᓯᕐ@ᒧᑦ
ᖁᕕᐊᓱᒃᑐᑦ	ᖁᕕᐊ@ᓱᒃ@ᑐᑦ
ᑕᐃᒃᓱᒪᓂ	ᑕᐃᒃᓱ@ᒪᓂ
ᐄᐳᕈ	ᐄᐳᕈ
ᐃᓚᐅᔪᑦ	ᐃᓚ@ᐅ@ᔪᑦ
ᑲᒥᓴᓇᒧᑦ	ᑲᒥᓴᓇ@ᒧᑦ
ᓯᕕᑐᔪᒧᑦ	ᓯᕕ@ᑐ@ᔪ@ᒧᑦ
ᒪᑯᓄᖓ	ᒪᑯ@ᓄᖓ
ᐱᕙᓪᓕᐊᔪᓕᕆᓂᕐᒧᑦ	ᐱ@ᕙᓪᓕᐊ@ᔪ@ᓕᕆ@ᓂᕐ@ᒧᑦ
ᓄᖅᑲᖔᓚᐅᑲᓚᐅᖅᐳᖅ	ᓄᖅᑲ@ᖔ@ᓚᐅᑲ@ᓚᐅᖅ@ᐳᖅ
ᒥᔅᓴ	ᒥᔅᓴ
ᕿᒥᕐᕈᓂᖅ	ᕿᒥᕐᕈ@ᓂᖅ
ᒥᔅ	ᒥᔅ
ᐅᑭᐊᔅᓵᖅ	ᐅᑭᐊᔅᓵᖅ
ᒪᑐᐃᖅᐸᓪᓕᐊᓂᕐᒧᑦ	ᒪᑐ@ᐃᖅ@ᐸᓪᓕᐊ@ᓂᕐ@ᒧᑦ
ᐃᖅᑲᖅᑐᐃᔨᓄᑦ	ᐃᖅᑲᖅ@ᑐ@ᐃ@ᔨ@ᓄᑦ
ᑲᔪᓯᓗᖓ	ᑲᔪᓯ@ᓗᖓ
ᑖᓚᔅ	ᑖᓚᔅ
ᑕᐃᒫᖃᐃ	ᑕᐃᒫ@ᖃᐃ
ᓂᕆᐅᑉᐳᒍᑦ	ᓂᕆᐅᑉ@ᐳᒍᑦ
ᓂᕆᐅᒋᔭᐅᔪᑦ	ᓂᕆᐅ@ᒋ@ᔭ@ᐅ@ᔪᑦ
ᑐᕌᖅᑐᑦ	ᑐᕌᖅ@ᑐᑦ
ᑐᑭᖃᕐᒪᖔᖅ	ᑐᑭ@ᖃᕐ@ᒪᖔᖅ
ᖃᐅᔨᒪᔪᒍᑦ	ᖃᐅᔨᒪ@ᔪᒍᑦ
ᔭᐃᒻᔅ	ᔭᐃᒻᔅ
ᐱᔪᓐᓇᖅᑐᑦ	ᐱ@ᔪᓐᓇᖅ@ᑐᑦ
ᓄᑕᕋᖅ	ᓄᑕᕋᖅ
ᐱᒻᒪᕆᐅᓂᖓᓂᒃ	ᐱ@ᒻᒪᕆ@ᐅ@ᓂ@ᖓᓂᒃ
ᐊᓯᐊᓂᒃ	ᐊᓯ@ᐊᓂᒃ
ᐱᔾᔪᑕᐅᔪᑦ	ᐱ@ᔾᔪᑕ@ᐅ@ᔪᑦ
ᐊᐱᕆᓚᐅᕋᒃᑯ	ᐊᐱᕆ@ᓚᐅ@ᕋᒃᑯ
ᑭᓇᑐᐃᓐᓇᖅ	ᑭᓇ@ᑐᐃᓐᓇᖅ
ᐃᓕᒃᓯᓐᓂᒃ	ᐃᓕ@ᒃᓯᓐᓂᒃ
ᐱᒋᐊᖅᑎᑕᒧᑦ	ᐱ@ᒋᐊᖅ@ᑎ@ᑕ@ᒧᑦ
ᒫᓐᓇᒧᑦ	ᒫᓐᓇ@ᒧᑦ
ᑕᒪᒃᑯᓇᙵᑦ	ᑕᒪᒃᑯ@ᓇᙵᑦ
ᕿᒥᕐᕈᔪᒍᑦ	ᕿᒥᕐᕈ@ᔪᒍᑦ
ᒪᑉᐱᒐᕐᒧᑦ	ᒪᑉᐱ@ᒐᕐ@ᒧᑦ
ᐊᐃᐳᕈ	ᐊᐃᐳᕈ
ᐃᓱᒪᒧᑦ	ᐃᓱᒪ@ᒧᑦ
ᖃᐅᔨᓴᕐᓂᕐᒥᑦ	ᖃᐅᔨ@ᓴᕐ@ᓂᕐ@ᒥᑦ
ᑕᒪᕐᒥ	ᑕᒪᕐᒥ
ᑕᑉᐸᐅᖓ	ᑕᑉᐸ@ᐅᖓ
ᐃᖏᕐᕋᔪᓕᕆᔨᒃᑯᓐᓂᑦ	ᐃᖏᕐᕋ@ᔪ@ᓕᕆ@ᔨ@ᒃᑯᓐ@ᓂᑦ
ᐱᓕᕆᓂᕐᒧᑦ	ᐱ@ᓕᕆ@ᓂᕐ@ᒧᑦ
ᐊᒃᓱᓪᓛᓗᒃ	ᐊᒃᓱ@ᓪᓛᓗᒃ
ᑭᐅᔪᒪᕕᐅᒃ	ᑭᐅ@ᔪᒪ@ᕕᐅᒃ
ᐃᓗᐊᒍᑦ	ᐃᓗ@ᐊᒍᑦ
ᐅᐊ	ᐅᐊ
ᒑᓴᓖᒥᑦ	ᒑᓴᓖ@ᒥᑦ
ᕿᒥᕐᕈᓂᕐᒥᑦ	ᕿᒥᕐᕈ@ᓂᕐ@ᒥᑦ
ᐊᕙᑎᓂᒃ	ᐊᕙᑎ@ᓂᒃ
ᐋᓐᓂᐊᔪᓂᑦ	ᐋᓐᓂ@ᐊ@ᔪ@ᓂᑦ
ᐅᑭᐅᖅ	ᐅᑭᐅᖅ
ᐊᖃᒍ	ᐊᖃᒍ
ᐸᕐᓇᐃᓂᕐᒧᑦ	ᐸᕐᓇ@ᐃ@ᓂᕐ@ᒧᑦ
ᑲᒪᔨ	ᑲᒪ@ᔨ
ᓯᕗᓂᒃᓴᒧᑦ	ᓯᕗᓂ@ᒃᓴ@ᒧᑦ
ᖃᓂᒋᔭᖓᓂ	ᖃᓂ@ᒋ@ᔭ@ᖓ@ᓂ
ᓯᐅᕋ	ᓯᐅᕋ
ᐊᕐᕌᒍᒧᑦ	ᐊᕐᕌᒍ@ᒧᑦ
ᓴᓂᑭᓗᐊᕐᒥᑦ	ᓴᓂᑭᓗᐊᕐ@ᒥᑦ
ᐱᒻᒪᕆᐅᓂᖓᓄᑦ	ᐱ@ᒻᒪᕆ@ᐅ@ᓂ@ᖓᓄᑦ
ᑭᕙᓪᓕᖅ	ᑭᕙᓪᓕᖅ
ᒐᕙᒪᓕᕆᓂᕐᒧᑦ	ᒐᕙᒪ@ᓕᕆ@ᓂᕐ@ᒧᑦ
ᓇᓄᓕᕆᓂᕐᒧᑦ	ᓇᓄ@ᓕᕆ@ᓂᕐ@ᒧᑦ
ᐊᕐᕌᓂᓂᑦ	ᐊᕐᕌᓂ@ᓂᑦ
ᖃᒪᓂᑦᑐᐊᒥᑦ	ᖃᒪᓂᑦᑐᐊ@ᒥᑦ
ᓄᖅᑲᓂᕐᒧᑦ	ᓄᖅᑲ@ᓂᕐ@ᒧᑦ
ᐱᓕᕆᑎᓪᓗᒋᑦ	ᐱ@ᓕᕆ@ᑎᓪᓗᒋᑦ
ᐅᖃᓕᒫᖅᑕᐅᕗᖅ	ᐅᖃ@ᓕᒫᖅ@ᑕ@ᐅ@ᕗᖅ
ᐳᕌᓐᑕᓐ	ᐳᕌᓐᑕᓐ
ᐱᓕᕆᕝᕕᒃ	ᐱ@ᓕᕆ@ᕝᕕᒃ
ᐃᓚᖓᓂᑦ	ᐃᓚ@ᖓᓂᑦ
ᑲᒥᓴᓇ	ᑲᒥᓴᓇ
ᐊᕐᕌᒍᓕᒫᒧᑦ	ᐊᕐᕌᒍ@ᓕᒫ@ᒧᑦ
ᖃᓄᓪᓚᕆᒃ	ᖃᓄ@ᓪᓚᕆᒃ
ᐊᖏᖅᑕᐅᑉᐸᑦ	ᐊᖏᖅ@ᑕ@ᐅ@ᑉᐸᑦ
ᐊᑭᐊᓄᑦ	ᐊᑭ@ᐊᓄᑦ
ᓴᓇᔭᐅᓂᖓᓄᑦ	ᓴᓇ@ᔭ@ᐅ@ᓂ@ᖓᓄᑦ
ᑕᐃᑉᑯᐊ	ᑕᐃᑉᑯᐊ
ᓄᓇᑖᖅᐸᓪᓕᐊᔪᓕᕆᓂᕐᒧᑦ	ᓄᓇ@ᑖᖅ@ᐸᓪᓕᐊ@ᔪ@ᓕᕆ@ᓂᕐ@ᒧᑦ
ᐃᒡᓗᕐᔪᐊᖅ	ᐃᒡᓗ@ᕐᔪᐊᖅ
ᓂᐅᕕᕐᓂᖅ	ᓂᐅᕕᕐ@ᓂᖅ
ᓂᕆᐅᒃᐳᑦ	ᓂᕆᐅᒃ@ᐳᑦ
ᐃᓱᒪᒥᒍᑦ	ᐃᓱᒪ@ᒥᒍᑦ
ᑕᐃᒪᐃᒻᒪ	ᑕᐃᒪᐃᒻ@ᒪ
ᑕᓪᓕᒪᐅᔪᑦ	ᑕᓪᓕᒪ@ᐅ@ᔪᑦ
ᑲᒪᒋᔭᐅᒻᒪᑕ	ᑲᒪ@ᒋ@ᔭ@ᐅ@ᒻᒪᑕ
ᐱᒻᒪᕆᐅᔪᓂᑦ	ᐱ@ᒻᒪᕆ@ᐅ@ᔪ@ᓂᑦ
ᐊᕐᕌᒍᓄ	ᐊᕐᕌᒍ@ᓄ
ᐃᓚᖃᖅᑐᑦ	ᐃᓚ@ᖃᖅ@ᑐᑦ
ᐱᒻᒪᕆᐅᔪᑦ	ᐱ@ᒻᒪᕆ@ᐅ@ᔪᑦ
ᐅᖃᕋᕕᑦ	ᐅᖃ@ᕋᕕᑦ
ᒐᕙᒪᑐᖃᒃᑯᓐᓂᒃ	ᒐᕙᒪ@ᑐᖃ@ᒃᑯᓐ@ᓂᒃ
ᐊᑭᖓᓂᒃ	ᐊᑭ@ᖓᓂᒃ
ᐅᕙᑦᑎᓐᓄ	ᐅᕙ@ᑦᑎᓐᓄ
ᒥᓕᐊᓐ	ᒥᓕᐊᓐ
ᑖᒃᑯᓄᖓᓗ	ᑖᒃᑯ@ᓄᖓ@ᓗ
ᑕᒪᔅᓱᒧᖓ	ᑕᒪᔅᓱ@ᒧᖓ
ᒥᓂᔅᑕᐅᔪᒧᑦ	ᒥᓂᔅᑕ@ᐅ@ᔪ@ᒧᑦ
ᑕᒪᓐᓇᒎᖅ	ᑕᒪᓐᓇ@ᒎᖅ
ᐋᑐᕚᒧᑦ	ᐋᑐᕚ@ᒧᑦ
ᐱᕙᓪᓕᐊᔪᓕᕆᔨᒃᑯᓐᓂᑦ	ᐱ@ᕙᓪᓕᐊ@ᔪ@ᓕᕆ@ᔨ@ᒃᑯᓐ@ᓂᑦ
ᒥᑦᑎᒪᑕᓕᒃ	ᒥᑦᑎᒪᑕᓕᒃ
ᐃᓄ	ᐃᓄ
ᒐᕙᒪᖓᑦ	ᒐᕙᒪ@ᖓᑦ
ᐱᕙᓪᓕᐊᔪᓕᕆᔨᒃᑯᓐᓄᑦ	ᐱ@ᕙᓪᓕᐊ@ᔪ@ᓕᕆ@ᔨ@ᒃᑯᓐ@ᓄᑦ
ᓈᒻᒪᖕᒪᑦ	ᓈᒻᒪᖕ@ᒪᑦ
ᐃᓪᓗᒧᑦ	ᐃᓪᓗ@ᒧᑦ
ᓇᒧᑦ	ᓇᒧᑦ
ᐃᓄᓕᕆᓂᖅ	ᐃᓄ@ᓕᕆ@ᓂᖅ
ᖃᒪᓂᑦᑐᐊᒧᑦ	ᖃᒪᓂᑦᑐᐊ@ᒧᑦ
ᐅᑉᓗᒥ	ᐅᑉᓗᒥ
ᓇᒻᒥᓂᖃᖅᑐᑦ	ᓇᒻᒥᓂ@ᖃᖅ@ᑐᑦ
ᑐᕌᖓᒻᒪᑕ	ᑐᕌ@ᖓ@ᒻᒪᑕ
ᓯᓚᑦᑐᖅᓴᕐᕕᒻᒧᑦ	ᓯᓚ@ᑦᑐᖅ@ᓴᕐ@ᕕᒻ@ᒧᑦ
ᐊᖓᔪᖅᑳᑉ	ᐊᖓᔪᖅᑳ@ᑉ
ᒫᓐᓇᕈᓗᒃ	ᒫᓐᓇ@ᕈᓗᒃ
ᒪᒃᑯᒃᑐᑦ	ᒪᒃᑯᒃ@ᑐᑦ
ᑕᒻᓴᓐ	ᑕᒻᓴᓐ
ᓯᓚᑦᑐᓴᕐᕕᒃ	ᓯᓚ@ᑦᑐ@ᓴᕐ@ᕕᒃ
ᐊᑐᖅᑕᐅᕙᒃᑐᑦ	ᐊᑐᖅ@ᑕ@ᐅ@ᕙᒃ@ᑐᑦ
ᒪᕐᕈᐃᓂᒃ	ᒪᕐᕈ@ᐃᓂᒃ
ᓯᓚᒧᑦ	ᓯᓚ@ᒧᑦ
ᑯᐃᓐ	ᑯᐃᓐ
ᑐᕌᖓᒻᒪᑦ	ᑐᕌ@ᖓ@ᒻᒪᑦ
ᐅᖃᕈᒪ	ᐅᖃ@ᕈᒪ
ᒪᒥᓴᕐᓂᕐᒧᑦ	ᒪᒥ@ᓴᕐ@ᓂᕐ@ᒧᑦ
ᐅᖃᓚᐅᕐᒪᑕ	ᐅᖃ@ᓚᐅᕐ@ᒪᑕ
ᐱᓕᕆᕝᕕᖓᑦ	ᐱ@ᓕᕆ@ᕝᕕ@ᖓᑦ
ᐱᒻᒪᕆᐅᔪᓂᒃ	ᐱ@ᒻᒪᕆ@ᐅ@ᔪ@ᓂᒃ
ᐃᓕᖅᑯᓯᓕᕆᓂᕐᒧᑦ	ᐃᓕᖅᑯᓯ@ᓕᕆ@ᓂᕐ@ᒧᑦ
ᓄᓇᓂᒃ	ᓄᓇ@ᓂᒃ
ᐃᓕᖅᑯᓯᖓᑦ	ᐃᓕᖅᑯᓯ@ᖓᑦ
ᑕᒪᑐᒧᖓᓕ	ᑕᒪᑐ@ᒧᖓ@ᓕ
ᐊᕐᕌᒍᐊ	ᐊᕐᕌᒍ@ᐊ
ᒥᓂᔅᑕᖃᐃ	ᒥᓂᔅᑕ@ᖃᐃ
ᒥᓂᔅᑕᐅᔪᓂᑦ	ᒥᓂᔅᑕ@ᐅ@ᔪ@ᓂᑦ
ᓇᑲᓱᒃ	ᓇᑲᓱᒃ
ᑕᒪᑐᒪᙵᑦ	ᑕᒪᑐ@ᒪᙵᑦ
ᐅᐱᒍᓱᒍᒪᓪᓗᖓ	ᐅᐱ@ᒍᓱ@ᒍᒪ@ᓪᓗᖓ
ᐃᓱᒪᓕᕆᓂᖅ	ᐃᓱᒪ@ᓕᕆ@ᓂᖅ
ᓯᕗᓪᓕᕐᒥᑦ	ᓯᕗ@ᓪᓕᕐ@ᒥᑦ
ᓄᑕᕋᒃ	ᓄ@ᑕ@ᕋᒃ
ᐅᓇᖃᐃ	ᐅᓇ@ᖃᐃ
ᓯᓚᕐᔪᐊᒧᑦ	ᓯᓚ@ᕐᔪᐊ@ᒧᑦ
ᓄᓇᕗᒻᒥᑦ	ᓄᓇᕗᒻ@ᒥᑦ
ᐊᕐᕌᒍᑕᒫᑦ	ᐊᕐᕌᒍ@ᑕᒫᑦ
ᐊᕐᕌᒍᓄᑦ	ᐊᕐᕌᒍ@ᓄᑦ
ᑭᒃᑯᑦ	ᑭᒃᑯᑦ
ᒫᑦᓯ	ᒫᑦᓯ
ᓯᓚ	ᓯᓚ
ᐱᑯ	ᐱᑯ
ᑐᕌᖓᔪᓂᒃ	ᑐᕌ@ᖓ@ᔪ@ᓂᒃ
ᓇᒻᒥᓂᕐᓕ	ᓇᒻᒥᓂᕐ@ᓕ
ᐅᓪᓗᕆᐊᖅ	ᐅᓪᓗᕆᐊᖅ
ᐃᑲᔪᖃᑦᑕᖅᑐᑦ	ᐃᑲᔪ@ᖃᑦᑕᖅ@ᑐᑦ
ᒥᐊᕆ	ᒥ@ᐊ@ᕆ
ᐊᕙᑎᓄᑦ	ᐊᕙᑎ@ᓄᑦ
ᒪᒃᐱᖅᑐᕋᖓ	ᒪᒃᐱᖅ@ᑐ@ᕋᖓ
ᑕᒪᐅᖓ	ᑕᒪ@ᐅᖓ
ᐱᕙᓪᓕᐊᓂᖅ	ᐱ@ᕙᓪᓕᐊ@ᓂᖅ
ᐊᓱᐃᓛᒃ	ᐊᓱᐃᓛᒃ
ᒪᑯᐊᓗ	ᒪᑯᐊ@ᓗ
ᒥᓂᔅᑕᖃᕐᕕᒻᒧᑦ	ᒥᓂᔅᑕ@ᖃᕐᕕᒻ@ᒧᑦ
ᓇᒻᒥᓂᕐᓗ	ᓇᒻᒥᓂᕐ@ᓗ
ᑐᓂᔭᐅᕙᑦᑐᑦ	ᑐᓂ@ᔭ@ᐅ@ᕙᑦ@ᑐᑦ
ᑲᒪᔪᑦ	ᑲᒪ@ᔪᑦ
ᖁᔭᓐᓇᒦᕆᕙᕋ	ᖁᔭᓐᓇᒦ@ᕆ@ᕙᕋ
ᐱᓕᕆᕕᖓᓂᒃ	ᐱ@ᓕᕆ@ᕕ@ᖓᓂᒃ
ᐊᒥᓱᑎᒍᑦ	ᐊᒥᓱ@ᑎᒍᑦ
ᐆᒪ	ᐆ@ᒪ
ᑲᓇᓐᓇᖓᓄᑦ	ᑲᓇᓐᓇ@ᖓᓄᑦ
ᐃᓕᓐᓂᒃ	ᐃᓕ@ᓐᓂᒃ
ᖁᔭᓐᓇᒦᖅᐸᕋᓗ	ᖁᔭᓐᓇᒦᖅ@ᐸᕋ@ᓗ
ᑕᐅᓐ	ᑕ@ᐅᓐ
ᑭᒃᑯᓐᓄᑦ	ᑭᒃᑯᓐ@ᓄᑦ
ᖁᓪᓕᒃ	ᖁᓪ@ᓕᒃ
ᓲᖃᐃᒻᒪᓕ	ᓲᖃᐃᒻᒪ@ᓕ
ᓄᓇᕗᒻᒥᐅᑕᐅᔪᓄᑦ	ᓄᓇᕗᒻ@ᒥᐅᑕ@ᐅ@ᔪ@ᓄᑦ
ᖁᓕᑦ	ᖁᓕᑦ
ᐊᖏᔪᒥᒃ	ᐊᖏ@ᔪ@ᒥᒃ
ᑕᒡᕙ	ᑕᒡᕙ
ᑕᒪᑐᒥᖓ	ᑕᒪᑐ@ᒥᖓ
ᐊᑭᓂᒃ	ᐊᑭ@ᓂᒃ
ᖃᐅᔨᓴᕐᓂᕐᒧᑦ	ᖃᐅᔨ@ᓴᕐ@ᓂᕐ@ᒧᑦ
ᑭᓱᓄᑦ	ᑭᓱ@ᓄᑦ
ᐊᑐᖅᑕᐅᔪᒪᔪᑦ	ᐊᑐᖅ@ᑕ@ᐅ@ᔪᒪ@ᔪᑦ
ᐃᓕᖅᑯᓯᓕᕆᔨᒃᑯᓐᓂᑦ	ᐃᓕᖅᑯᓯ@ᓕᕆ@ᔨ@ᒃᑯᓐ@ᓂᑦ
ᐃᓚᖓᑦ	ᐃᓚ@ᖓᑦ
ᐅᓂᒃᑳᖓᓂᒃ	ᐅᓂᒃᑳ@ᖓᓂᒃ
ᐱᒻᒪᕆᐅᓪᓗᓂ	ᐱ@ᒻᒪᕆ@ᐅ@ᓪᓗᓂ
ᐱᕙᓪᓕᐊᔪᓂᒃ	ᐱ@ᕙᓪᓕᐊ@ᔪ@ᓂᒃ
ᑕᐃᒫᓪᓗ	ᑕᐃᒫᓪ@ᓗ
ᐅᒥᐊᕐᔪᐊᖅ	ᐅᒥᐊᕐ@ᔪᐊᖅ
ᑭᒃᑯᑐᐃᓐᓇᕐᓄᑦ	ᑭᒃᑯ@ᑐᐃᓐᓇᕐ@ᓄᑦ
ᐊᐱᖅᓱᕐᓂᖅ	ᐊᐱᖅ@ᓱᕐ@ᓂᖅ
ᑕᐃᒫᑐᐃᓐᓇᖅ	ᑕᐃᒫ@ᑐᐃᓐᓇᖅ
ᓇᒻᒥᓂ	ᓇᒻᒥᓂ
ᐃᓪᓗᖃᕐᓂᕐᒧᑦ	ᐃᓪᓗ@ᖃᕐ@ᓂᕐ@ᒧᑦ
ᒐᕙᒪ	ᒐᕙᒪ
ᕿᑎᖅᑰᒥ	ᕿᑎ@ᖅᑰ@ᒥ
ᑕᐃᒪᖃᐃ	ᑕᐃᒪ@ᖃᐃ
ᒥᑦᑎᒪᑕᓕᒻᒧᑦ	ᒥᑦᑎᒪᑕᓕᒻ@ᒧᑦ
ᓄᓇᕗᒻᒥᒃ	ᓄᓇᕗᒻ@ᒥᒃ
ᖃᐅᔨᒪᖕᒪᑕ	ᖃᐅᔨᒪ@ᖕᒪᑕ
ᑕᒪᔅᓱᒥᖓ	ᑕᒪᔅᓱ@ᒥᖓ
ᐊᕐᕌᒍᖓᓄᑦ	ᐊᕐᕌᒍ@ᖓᓄᑦ
ᐱᒃᓴᓐ	ᐱ@ᒃᓴ@ᓐ
ᐃᖏᕐᕋᔪᓕᕆᔨᒃᑯᓐᓄᑦ	ᐃᖏᕐᕋ@ᔪ@ᓕᕆ@ᔨ@ᒃᑯᓐ@ᓄᑦ
ᒪᒃᐱᒐᕐᒧᑦ	ᒪᒃᐱ@ᒐᕐ@ᒧᑦ
ᓈᒻᒪᖏᒻᒪᑦ	ᓈᒻᒪ@ᖏᒻ@ᒪᑦ
ᐱᓇᓱᐊᕈᓯᓕᒫᖅ	ᐱᓇᓱᐊᕈᓯ@ᓕᒫᖅ
ᐄᑐᐊᖅ	ᐄ@ᑐᐊᖅ
ᑐᕌᖓᔪᒥᑦ	ᑐᕌ@ᖓ@ᔪ@ᒥᑦ
ᐊᑐᓂ	ᐊᑐᓂ
ᐃᖅᑲᓇᐃᔮᒃᓴᑦ	ᐃᖅᑲᓇᐃᔮ@ᒃᓴ@ᑦ
ᑖᑉᓱᒥᖓ	ᑖᑉᓱ@ᒥᖓ
ᐃᓱᒪᒋᔭᐅᔪᑦ	ᐃᓱᒪ@ᒋ@ᔭ@ᐅ@ᔪᑦ
ᑕᐃᒪᐃᒻᒪᑦ	ᑕᐃᒪᐃᒻ@ᒪᑦ
ᐃᒡᓗᒧᑦ	ᐃᒡᓗ@ᒧᑦ
ᑐᑭᓕᒃ	ᑐᑭ@ᓕᒃ
ᓲᖅ	ᓲᖅ
ᑐᑭᖃᕐᒪᖔᑦ	ᑐᑭ@ᖃᕐ@ᒪᖔᑦ
ᑕᐃᒃᑯᓇᓂ	ᑕᐃᒃᑯ@ᓇᓂ
ᐅᕙᑦᑎᓐᓄᓕᒫᖅ	ᐅᕙ@ᑦᑎᓐᓄ@ᓕᒫᖅ
ᓂᕿᓂᒃ	ᓂᕿ@ᓂᒃ
ᑭᐅᔾᔪᑎᒃ	ᑭᐅ@ᔾᔪᑎᒃ
ᓯᕗᓪᓕᖅ	ᓯᕗ@ᓪᓕᖅ
ᐱᒋᐊᖅᑎᑕᖅ	ᐱ@ᒋᐊᖅ@ᑎ@ᑕᖅ
ᑕᒪᒃᓱᒧᖓ	ᑕᒪᒃᓱ@ᒧᖓ
ᓄᓇᕗᒻᒥᐅᑕᐅᔪᓂᒃ	ᓄᓇᕗᒻ@ᒥᐅᑕ@ᐅ@ᔪ@ᓂᒃ
ᐅᓄᖅᑐᑦ	ᐅᓄᖅ@ᑐᑦ
ᒥᓂᔅᑕᐅᔪᓄᑦ	ᒥᓂᔅᑕ@ᐅ@ᔪ@ᓄᑦ
ᓇᒻᒥᓂᖁᑎᖃᖅᑐᑦ	ᓇᒻᒥᓂ@ᖁᑎ@ᖃᖅ@ᑐᑦ
ᐊᐱᖅᓱᕋᕕᑦ	ᐊᐱᖅ@ᓱ@ᕋᕕᑦ
ᑭᒃᑯᓐᓂᑦ	ᑭᒃᑯᓐ@ᓂᑦ
ᑕᐃᕙᑦ	ᑕᐃ@ᕙᑦ
ᓄᖅᑲᖅᑐᑦ	ᓄᖅᑲᖅ@ᑐᑦ
ᐸᐃᑉᐹᑦ	ᐸᐃ@ᑉ@ᐹᑦ
ᑑᓄ	ᑑ@ᓄ
ᐃᓕᓐᓄᑦ	ᐃᓕ@ᓐᓄᑦ
ᑕᐃᒪ	ᑕᐃᒪ
ᑐᑭᖓᓂᒃ	ᑐᑭ@ᖓᓂᒃ
ᒐᕙᒪᒃᑯᓐᓄᑦ	ᒐᕙᒪ@ᒃᑯᓐ@ᓄᑦ
ᓯᕗᓪᓕᖅᐹᒧᑦ	ᓯᕗ@ᓪᓕᖅ@ᐹ@ᒧᑦ
ᒐᕙᒪᒧᑦ	ᒐᕙᒪ@ᒧᑦ
ᒥᑭᔪᓄᑦ	ᒥᑭ@ᔪ@ᓄᑦ
ᐃᓄᖕᒧᑦ	ᐃᓄᖕ@ᒧᑦ
ᕿᒥᕐᕈᓂᕐᒧᑦ	ᕿᒥᕐᕈ@ᓂᕐ@ᒧᑦ
ᑎᑎᖅᑲᐅᔪᓂᒃ	ᑎᑎ@ᖅᑲᐅ@ᔪ@ᓂᒃ
ᑎᑎᖅᑲᐅᔪᒥᒃ	ᑎᑎ@ᖅᑲᐅ@ᔪ@ᒥᒃ
ᐊᕐᕌᒍᒧ	ᐊᕐᕌᒍ@ᒧ
ᓄᓇᒧᑦ	ᓄᓇ@ᒧᑦ
ᑖᒻᓇ	ᑖᒻᓇ
ᐃᒻᒥᓂ	ᐃᒻᒥᓂ
ᐃᓂᒋᔭᐅᔪᑦ	ᐃᓂ@ᒋ@ᔭ@ᐅ@ᔪᑦ
ᑐᑭᖃᕐᒪᑦ	ᑐᑭ@ᖃᕐ@ᒪᑦ
ᓯᓚᑦᑐᖅᓴᕐᕕᒃ	ᓯᓚ@ᑦᑐᖅ@ᓴᕐ@ᕕᒃ
ᑖᒃᑯᓇᙵᑦ	ᑖᒃᑯ@ᓇᙵᑦ
ᑕᐃᒪᐃᓐᓂᖓᓄᑦ	ᑕᐃᒪᐃᓐ@ᓂ@ᖓᓄᑦ
ᑖᓚᓂᑦ	ᑖᓚ@ᓂᑦ
ᐊᔾᔨᖓᓂᒃ	ᐊᔾᔨ@ᖓᓂᒃ
ᐃᓚᒋᐊᕈᑕᐅᔪᑦ	ᐃᓚ@ᒋᐊ@ᕈᑕ@ᐅ@ᔪᑦ
ᒐᕙᒪᑐᖃᒃᑯᓐᓄᑦ	ᒐᕙᒪ@ᑐᖃ@ᒃᑯᓐ@ᓄᑦ
ᑕᐃᒃᓱᒪ	ᑕᐃᒃᓱ@ᒪ
ᑖᑉᓱᒧᖓ	ᑖᑉᓱ@ᒧᖓ
ᒥᓂᔅᑕᖓᓐ	ᒥᓂᔅᑕ@ᖓᓐ
ᐅᒃᑯᐃᕈᓐᓇᖅᐱᐅᒃ	ᐅᒃᑯᐃ@ᕈᓐᓇᖅ@ᐱᐅᒃ
ᐊᖏᖅᑕᐅᔪᒪᓪᓗᓂ	ᐊᖏᖅ@ᑕ@ᐅ@ᔪᒪ@ᓪᓗᓂ
ᑲᓇᑕᓕᒫᒥᑦ	ᑲᓇᑕ@ᓕᒫ@ᒥᑦ
ᓇᓄᓕᕆᓂᖅ	ᓇᓄ@ᓕᕆ@ᓂᖅ
ᐅᑲᓕ	ᐅᑲᓕ
ᐊᖏᖅᐱᓯᐅ	ᐊᖏᖅ@ᐱᓯᐅ
ᐱᕙᓪᓕᐊᔭᐃᓂᕐᒧᑦ	ᐱ@ᕙᓪᓕᐊ@ᔭ@ᐃ@ᓂᕐ@ᒧᑦ
ᑕᒪᒃᓱᒥᖓ	ᑕᒪᒃᓱ@ᒥᖓ
ᐅᖃᓚᐅᕋᒪ	ᐅᖃ@ᓚᐅ@ᕋᒪ
ᑲᔪᓯᔪᓐᓇᖅᐳᑎᑦ	ᑲᔪᓯ@ᔪᓐᓇᖅ@ᐳᑎᑦ
ᕿᓂᖅᑐᑦ	ᕿᓂᖅ@ᑐᑦ
ᓇᓗᓇᐃᑲᐃᓐᓇᒃᑭᑦ	ᓇᓗᓇ@ᐃ@ᑲᐃᓐᓇ@ᒃᑭᑦ
ᐊᖏᑎᒋᔪᒥᒃ	ᐊᖏ@ᑎᒋ@ᔪ@ᒥᒃ
ᐃᖏᕐᕋᔪᓕᕆᓂᕐᒧᓪᓗ	ᐃᖏᕐᕋ@ᔪ@ᓕᕆ@ᓂᕐ@ᒧᓪ@ᓗ
ᑐᕌᖓᔪᑦ	ᑐᕌ@ᖓ@ᔪᑦ
ᐃᓚᒋᒻᒪᒍ	ᐃᓚ@ᒋ@ᒻᒪᒍ
ᐊᒻᒪᓘᓐᓃᑦ	ᐊᒻᒪ@ᓘᓐᓃᑦ
ᐅᑭᐊᒃᓵᖅ	ᐅᑭᐊᒃᓵᖅ
ᓄᓇᕗᓕᒫᒧᑦ	ᓄᓇᕗ@ᓕᒫ@ᒧᑦ
ᒐᕙᒪᑎᒍᑦ	ᒐᕙᒪ@ᑎᒍᑦ
ᐅᓇᑦᑕᐅᖅ	ᐅᓇ@ᑦᑕᐅᖅ
ᐅᓐᓃᑦ	ᐅᓐᓃᑦ
ᖁᕕᐊᓱᓚᐅᖅᐳᑦ	ᖁᕕᐊ@ᓱ@ᓚᐅᖅ@ᐳᑦ
ᐱᒋᐊᖅᑎᑕᐅᔪᒧᑦ	ᐱ@ᒋᐊᖅ@ᑎ@ᑕ@ᐅ@ᔪ@ᒧᑦ
ᓄᓇᓕᕆᓂᕐᒧᑦ	ᓄᓇ@ᓕᕆ@ᓂᕐ@ᒧᑦ
ᑕᐃᒃᓱᒧᖓ	ᑕᐃᒃᓱ@ᒧᖓ
ᑭᓱᒧᑦ	ᑭᓱ@ᒧᑦ
ᐱᖁᔭᕐᔪᐊᑉ	ᐱ@ᖁ@ᔭᕐ@ᔪᐊ@ᑉ
ᐅᖃᕐᒪᑦ	ᐅᖃᕐ@ᒪᑦ
ᓈᒻᒪᒻᒪᑦ	ᓈᒻᒪᒻ@ᒪᑦ
ᓂᕿᑦᑎᐊᕙᓕᕆᓂᖅ	ᓂᕿ@ᑦᑎᐊᕙ@ᓕᕆ@ᓂᖅ
ᑖᒃᓱᒧᖓ	ᑖᒃᓱ@ᒧᖓ
ᒫᓐᓇ	ᒫᓐᓇ
ᑭᒃᑯᓕᒫᓂᒃ	ᑭᒃᑯ@ᓕᒫ@ᓂᒃ
ᖃᖓ	ᖃᖓ
ᐃᖅᑲᓇᐃᔮᒥᒃ	ᐃᖅᑲᓇᐃᔮ@ᒥᒃ
ᐊᑐᖅᑕᐅᕙᑦᑐᑦ	ᐊᑐᖅ@ᑕ@ᐅ@ᕙᑦ@ᑐᑦ
ᑕᒪᕐᒥᒃ	ᑕᒪᕐᒥᒃ
ᓇᖕᒥᓂ	ᓇᖕᒥᓂ
ᑭᓯᐊᓂᐅᒻᒪᑦ	ᑭᓯ@ᐊ@ᓂ@ᐅ@ᒻᒪᑦ
ᐃᒃᑲᕆᐊᓗᒃ	ᐃᒃᑲᕆ@ᐊ@ᓗᒃ
ᐊᐃᑉᐸᖓᓂᒃ	ᐊᐃᑉᐸ@ᖓᓂᒃ
ᐱᖃᓐᓇᕆᔭᕋ	ᐱᖃᓐᓇᕆᔭ@ᕋ
ᖃᒪᓂᖅᑐᐊᑉ	ᖃᒪᓂᖅᑐᐊ@ᑉ
ᖃᓄᖅ	ᖃᓄᖅ
ᐱᓕᕆᕕᐅᔪᒧᑦ	ᐱ@ᓕᕆ@ᕕ@ᐅ@ᔪ@ᒧᑦ
ᐅᔾᔨᕈᓱᓚᐅᖅᑐᑦ	ᐅᔾᔨ@ᕈᓱ@ᓚᐅᖅ@ᑐᑦ
ᓴᖅᑭᑦᑎᔪᓐᓇᕋᒪ	ᓴᖅᑭᑦ@ᑎ@ᔪᓐᓇ@ᕋᒪ
ᐅᖃᖃᐅᒐᒪ	ᐅᖃ@ᖃᐅ@ᒐ@ᒪ
ᐱᓇᓱᐊᕈᓯᖅ	ᐱᓇᓱᐊᕈᓯᖅ
ᐊᑐᖅᑕᐅᔪᓂᒃ	ᐊᑐᖅ@ᑕ@ᐅ@ᔪ@ᓂᒃ
ᐊᕙᑎᒥᐅᑕᓕᕆᓂᕐᒧᑦ	ᐊᕙᑎ@ᒥᐅᑕ@ᓕᕆ@ᓂᕐ@ᒧᑦ
ᖃᐅᔨᒪᔪᑦ	ᖃᐅᔨᒪ@ᔪᑦ
ᐅᖃᓚᐅᖅᑐᑦ	ᐅᖃ@ᓚᐅᖅ@ᑐᑦ
ᐱᐊᓂᒍᒪᓪᓗᓂ	ᐱ@ᐊᓂ@ᒍᒪ@ᓪᓗᓂ
ᕿᓂᖅᑐᒍᑦ	ᕿᓂᖅ@ᑐᒍᑦ
ᐱᔨᑦᓯᕋᐅᑎᖃᕐᓂᕐᒧᑦ	ᐱ@ᔨ@ᑦᓯ@ᕋ@ᐅᑎ@ᖃᕐ@ᓂᕐ@ᒧᑦ
ᐊᓯᐊᓂᑦ	ᐊᓯ@ᐊᓂᑦ
ᐱᖁᑎᓂᒃ	ᐱ@ᖁᑎ@ᓂᒃ
ᒥᑦᑎᒪᑕᓕᒻᒥᑦ	ᒥᑦᑎᒪᑕᓕᒻ@ᒥᑦ
ᖃᖓᓕᒫᖅ	ᖃᖓ@ᓕᒫᖅ
ᑕᒪᓐᓇ	ᑕᒪᓐᓇ
ᖃᐅᔨᒪᕗᖅ	ᖃᐅᔨᒪ@ᕗᖅ
ᐃᓱᒪᓕᕆᓂᕐᒧᑦ	ᐃᓱᒪ@ᓕᕆ@ᓂᕐ@ᒧᑦ
ᐱᓕᕆᕕᐅᔪᒥᒃ	ᐱ@ᓕᕆ@ᕕ@ᐅ@ᔪ@ᒥᒃ
ᑲᒪᒋᔭᐅᒻᒪᑦ	ᑲᒪ@ᒋ@ᔭ@ᐅ@ᒻᒪᑦ
ᒥᓂᔅᑕ	ᒥᓂᔅᑕ
ᐊᒪᓗ	ᐊᒪ@ᓗ
ᑕᐃᒪᐃᑎᓪᓗᒍ	ᑕᐃᒪᐃ@ᑎᓪᓗᒍ
ᓱᓇᐅᒻᒪᖔᑕ	ᓱ@ᓇ@ᐅ@ᒻᒪᖔᑕ
ᑭᐅᔪᒪᒍᕕᑦ	ᑭᐅ@ᔪᒪ@ᒍᕕᑦ
ᐊᕐᕌᒍᓕᒫᖅ	ᐊᕐᕌᒍ@ᓕᒫᖅ
ᑕᐃᒃᑯᓄᖓ	ᑕᐃᒃᑯ@ᓄᖓ
ᓴᓂᕋᔭᒃ	ᓴᓂᕋᔭᒃ
ᑲᔪᓯᒋᑦ	ᑲᔪᓯ@ᒋᑦ
ᐃᓗᐊ	ᐃᓗ@ᐊ
ᐱᖁᑎᒋᔭᐅᔪᑦ	ᐱ@ᖁᑎ@ᒋ@ᔭ@ᐅ@ᔪᑦ
ᕿᒥᕐᕈᔨᓄᑦ	ᕿᒥᕐᕈ@ᔨ@ᓄᑦ
ᐅᐱᒍᓱᖃᑎᒋᔪᒪᕙᒃᑲ	ᐅᐱ@ᒍᓱ@ᖃᑎ@ᒋ@ᔪᒪ@ᕙ@ᒃᑲ
ᑕᒪᒃᑯᐊ	ᑕᒪᒃᑯᐊ
ᐅᖃᕋᑖᕋᕕᑦ	ᐅᖃ@ᕋᑖ@ᕋᕕᑦ
ᒐᕙᒪᑐᖃᒃᑯᓐᓂᑦ	ᒐᕙᒪ@ᑐᖃ@ᒃᑯᓐ@ᓂᑦ
ᑲᔪᓯᕗᖅ	ᑲᔪᓯ@ᕗᖅ
ᐃᑲᔪᕈᓐᓇᖅᑐᑦ	ᐃᑲᔪ@ᕈᓐᓇᖅ@ᑐᑦ
ᑖᒃᑯᓇᓂ	ᑖᒃᑯ@ᓇᓂ
ᐋᕆᐊᖅ	ᐋᕆᐊᖅ
ᐱᒋᐊᕐᓗᓂ	ᐱ@ᒋᐊᕐ@ᓗᓂ
ᐅᕙᑦᑎᓐᓂᑦ	ᐅᕙ@ᑦᑎᓐᓂᑦ
ᑭᒃᑯᓕᒫᓂᑦ	ᑭᒃᑯ@ᓕᒫ@ᓂᑦ
ᐃᑲᔪᕈᑕᐅᔪᓂᒃ	ᐃᑲᔪ@ᕈᑕ@ᐅ@ᔪ@ᓂᒃ
ᑕᒪᓐᓇᖃᐃ	ᑕᒪᓐᓇ@ᖃᐃ
ᐱᖓᔪᐊᑦ	ᐱᖓᔪᐊᑦ
ᐊᐅᓚᑦᑎᔨᓄᑦ	ᐊᐅᓚᑦ@ᑎ@ᔨ@ᓄᑦ
ᐊᒻᒪᑦᑕᐅᖅ	ᐊᒻᒪ@ᑦᑕᐅᖅ
ᐱᓕᕆᖃᑦᑕᖅᑐᑦ	ᐱ@ᓕᕆ@ᖃᑦᑕᖅ@ᑐᑦ
ᐅᓪᓗᒥᒧᑦ	ᐅᓪᓗᒥ@ᒧᑦ
ᑕᒪᒃᑯᐊᒎᖅ	ᑕᒪᒃᑯᐊ@ᒎᖅ
ᐃᖏᕐᕋᔪᓕᕆᔨᒃᑯᓄᓪᓗ	ᐃᖏᕐᕋ@ᔪ@ᓕᕆ@ᔨ@ᒃᑯ@ᓄᓪ@ᓗ
ᐱᒻᒪᕆᐅᔪᒧᑦ	ᐱ@ᒻᒪᕆ@ᐅ@ᔪ@ᒧᑦ
ᑕᐃᒪᐃᓐᓂᖓᓄ	ᑕᐃᒪᐃᓐ@ᓂ@ᖓᓄ
ᑭᒡᒐᖅᑐᐃᔨ	ᑭᒡᒐᖅ@ᑐ@ᐃ@ᔨ
ᐃᑲᔪᕈᓐᓇᕐᒪᖔᑕ	ᐃᑲᔪ@ᕈᓐᓇᕐ@ᒪᖔᑕ
ᓇᖕᒥᓂᕆᔭᐅᔪᑦ	ᓇᖕᒥᓂ@ᕆ@ᔭ@ᐅ@ᔪᑦ
ᖃᒪᓂᑦᑐᐊᕐᒧᑦ	ᖃᒪᓂᑦᑐᐊᕐ@ᒧᑦ
ᑭᐅᔪᓐᓇᕐᒪᑦ	ᑭᐅ@ᔪᓐᓇᕐ@ᒪᑦ
ᐊᕙᑎᓕᕆᔨᒃᑯᓐᓂᑦ	ᐊᕙᑎ@ᓕᕆ@ᔨ@ᒃᑯᓐ@ᓂᑦ
ᐊᐱᕆᓚᐅᕐᒪᑦ	ᐊᐱᕆ@ᓚᐅᕐ@ᒪᑦ
ᓄᖑᐊᓂ	ᓄᖑ@ᐊ@ᓂ
ᐊᑐᓕᖅᑎᑕᐅᓂᖓᓄᑦ	ᐊᑐ@ᓕᖅ@ᑎ@ᑕ@ᐅ@ᓂ@ᖓᓄᑦ
ᐃᑲᔪᓚᐅᖅᑐᑦ	ᐃᑲᔪ@ᓚᐅᖅ@ᑐᑦ
ᐅᖃᕐᕕᖓᑦ	ᐅᖃᕐ@ᕕ@ᖓᑦ
ᑖᑉᓱᒪ	ᑖᑉᓱ@ᒪ
ᔫᓂ	ᔫᓂ
ᑕᒪᓐᓇᓕ	ᑕᒪᓐᓇ@ᓕ
ᐃᓕᖅᑯᓯᑐᖃᓕᕆᓂᕐᒧᑦ	ᐃᓕᖅᑯᓯ@ᑐᖃ@ᓕᕆ@ᓂᕐ@ᒧᑦ
ᐱᓕᕆᕕᐊᓂᒃ	ᐱ@ᓕᕆ@ᕕ@ᐊᓂᒃ
ᐅᓪᓗᕐᒧᑦ	ᐅᓪᓗᕐ@ᒧᑦ
ᐊᐃᑉᐱᖅᑕᐅᓪᓗᓂ	ᐊᐃᑉᐱᖅ@ᑕ@ᐅ@ᓪᓗᓂ
ᑕᒪᒃᑯᐊᑦᑕᐅᖅ	ᑕᒪᒃᑯᐊ@ᑦᑕᐅᖅ
ᑕᐅᑐᒃᑐᑦ	ᑕᐅᑐᒃ@ᑐᑦ
ᑭᓯᒥᓕ	ᑭᓯᒥ@ᓕ
ᓇᓕᐊᑐᐃᓐᓇᖅ	ᓇᓕᐊ@ᑐᐃᓐᓇᖅ
ᑲᒪᒋᔭᖃᖅᑐᒧᑦ	ᑲᒪ@ᒋ@ᔭ@ᖃᖅ@ᑐ@ᒧᑦ
ᐱᖓᓱᓄᑦ	ᐱᖓᓱ@ᓄᑦ
ᐃᓕᒃᓯ	ᐃᓕ@ᒃᓯ
ᐊᕙᑎᓕᕆᓂᕐᒧᑦ	ᐊᕙᑎ@ᓕᕆ@ᓂᕐ@ᒧᑦ
ᐱᒋᐊᖅᑎᑕᐅᔪᑦ	ᐱ@ᒋᐊᖅ@ᑎ@ᑕ@ᐅ@ᔪᑦ
ᑖᒃᑯᓄᖓ	ᑖᒃᑯ@ᓄᖓ
ᐱᙳᐊᕐᕕᒃ	ᐱ@ᙳᐊᕐ@ᕕᒃ
ᑕᓯᓗᒃ	ᑕᓯ@ᓗᒃ
ᐃᑲᔪᖅᑐᐃᕗᑦ	ᐃᑲᔪᖅ@ᑐ@ᐃ@ᕗᑦ
ᓴᓇᔪᓕᕆᔨᒃᑯᓐᓄᑦ	ᓴᓇ@ᔪ@ᓕᕆ@ᔨ@ᒃᑯᓐ@ᓄᑦ
ᑕᕝᕙ	ᑕᕝᕙ
ᐋᓯᑦ	ᐋᓯᑦ
ᐅᕙᑦᑎᓐᓂᒃ	ᐅᕙ@ᑦᑎᓐᓂᒃ
ᐊᖓᔪᖅᑳᕆᔭᐅᔪᓄᑦ	ᐊᖓᔪᖅᑳ@ᕆ@ᔭ@ᐅ@ᔪ@ᓄᑦ
ᐃᕐᓂᖅ	ᐃᕐᓂᖅ
ᐊᕐᓇᖅ	ᐊᕐᓇᖅ
ᖁᔭᓐᓇᒦᕈᒪᒻᒥᔭᒃᑲ	ᖁᔭᓐᓇᒦ@ᕈᒪ@ᒻᒥ@ᔭᒃᑲ
ᓯᑕᒪᓄᑦ	ᓯᑕᒪ@ᓄᑦ
ᑭᓱᓂᑦ	ᑭᓱ@ᓂᑦ
ᐊᐱᕆᕋᑖᕐᒪᑦ	ᐊᐱᕆ@ᕋᑖᕐ@ᒪᑦ
ᒫᔾᔨ	ᒫᔾᔨ
ᒪᐅᖓ	ᒪ@ᐅᖓ
ᑲᓇᑕᒥᑦ	ᑲᓇᑕ@ᒥᑦ
ᐊᑲᐅᔅᓴᖅᑐᑦ	ᐊᑲᐅ@ᔅᓴᖅ@ᑐᑦ
ᓇᒻᒥᓂᖅ	ᓇᒻᒥᓂᖅ
ᑰᒃ	ᑰᒃ
ᐱᖁᔭᒃᓴᖅ	ᐱ@ᖁ@ᔭ@ᒃᓴᖅ
ᐊᖏᖅᑕᐅᔪᒪᖕᒪᑦ	ᐊᖏᖅ@ᑕ@ᐅ@ᔪᒪ@ᖕᒪᑦ
ᓯᕗᓂᐊᒍᑦ	ᓯᕗᓂ@ᐊᒍᑦ
ᐃᓚᒋᔭᐅᓪᓗᓂ	ᐃᓚ@ᒋ@ᔭ@ᐅ@ᓪᓗᓂ
ᐃᖅᑭᑦᑑᖅ	ᐃᖅᑭᑦ@ᑑᖅ
ᐱᒋᐊᖅᑎᑕᐅᔪᖃᕐᒪᑦ	ᐱ@ᒋᐊᖅ@ᑎ@ᑕ@ᐅ@ᔪ@ᖃᕐ@ᒪᑦ
ᒐᕙᒪᓕᕆᔨᓄᑦ	ᒐᕙᒪ@ᓕᕆ@ᔨ@ᓄᑦ
ᖃᓄᐃᔅᓴᖏᒃᑯᕕᑦ	ᖃᓄᐃ@ᔅᓴ@ᖏᒃ@ᑯᕕᑦ
ᑭᕙᓪᓕᕐᒥᑦ	ᑭᕙᓪᓕᕐ@ᒥᑦ
ᐃᓚᒋᐊᕈᑎᒃ	ᐃᓚ@ᒋᐊ@ᕈᑎᒃ
ᓴᓇᔭᐅᔪᑦ	ᓴᓇ@ᔭ@ᐅ@ᔪᑦ
ᖃᓄᕐᓗ	ᖃᓄᕐ@ᓗ
ᑕᖅᑭᑕᒫᑦ	ᑕᖅᑭ@ᑕᒫᑦ
ᑭᒃᑯᓐᓂᒃ	ᑭᒃᑯᓐ@ᓂᒃ
ᑲᒪᔨᐅᓪᓗᓂ	ᑲᒪ@ᔨ@ᐅ@ᓪᓗᓂ
ᐱᓕᕆᔨᐅᔪᑦ	ᐱ@ᓕᕆ@ᔨ@ᐅ@ᔪᑦ
ᐊᑖᑕᒐ	ᐊᑖᑕ@ᒐ
ᐃᓕᖕᓄᑦ	ᐃᓕ@ᖕᓄᑦ
ᐱᖓᔪᐊᓐᓄᑦ	ᐱᖓᔪᐊᓐ@ᓄᑦ
ᒪᓕᒃᑐᑦ	ᒪᓕᒃ@ᑐᑦ
ᑖᒃᑯᐊᒎᖅ	ᑖᒃᑯᐊ@ᒎᖅ
ᐅᓪᓗᖅ	ᐅᓪᓗᖅ
ᑕᐃᔭᐅᔪᒥᒃ	ᑕᐃ@ᔭ@ᐅ@ᔪ@ᒥᒃ
ᒐᕙᒪᖓᓂᒃ	ᒐᕙᒪ@ᖓᓂᒃ
ᑐᕌᖓᔪᓄᑦ	ᑐᕌ@ᖓ@ᔪ@ᓄᑦ
ᐱᓕᕆᕕᒋᔭᕋ	ᐱ@ᓕᕆ@ᕕ@ᒋ@ᔭ@ᕋ
ᐃᓚᒋᔭᐅᔪᒧᑦ	ᐃᓚ@ᒋ@ᔭ@ᐅ@ᔪ@ᒧᑦ
ᑕᒪᒃᑯᓂᖓᓗ	ᑕᒪᒃᑯ@ᓂᖓ@ᓗ
ᑖᓚ	ᑖᓚ
ᒪᒥᓴᕐᕕᒃ	ᒪᒥ@ᓴᕐ@ᕕᒃ
ᒐᕙᒪᐅᔪᓂᒃ	ᒐᕙᒪ@ᐅ@ᔪ@ᓂᒃ
ᓴᓂᑭᓗᐊᖅ	ᓴᓂᑭᓗᐊᖅ
ᓄᓇᓂᑦ	ᓄᓇ@ᓂᑦ
ᓯᓚᑦᑐᓴᕐᕕᒻᒥᑦ	ᓯᓚ@ᑦᑐ@ᓴᕐ@ᕕᒻ@ᒥᑦ
ᒪᑐᒥᖓ	ᒪᑐ@ᒥᖓ
ᓇᑦᓯᖅ	ᓇᑦᓯᖅ
ᑕᐃᒃᓱᒥᖓ	ᑕᐃᒃᓱ@ᒥᖓ
ᓂᕿᓂᑦ	ᓂᕿ@ᓂᑦ
ᐊᖓᔪᖅᑳᖅ	ᐊᖓᔪᖅᑳᖅ
ᑲᑎᑦᑐᑦ	ᑲᑎᑦ@ᑐᑦ
ᒥᓂᔅᑕᒥᑦ	ᒥᓂᔅᑕ@ᒥᑦ
ᐅᕕᒃᑲᐅᔪᓄᑦ	ᐅᕕ@ᒃᑲ@ᐅ@ᔪ@ᓄᑦ
ᖃᐅᔨᒪᖕᒪᑦ	ᖃᐅᔨᒪ@ᖕᒪᑦ
ᐱᓕᕆᖃᑦᑕᕐᒪᑕ	ᐱ@ᓕᕆ@ᖃᑦᑕᕐ@ᒪᑕ
ᐃᖅᑲᓇᐃᔮᔅᓴᖅ	ᐃᖅᑲᓇᐃᔮ@ᔅᓴᖅ
ᑕᓪᓕᒪᓄ	ᑕᓪᓕᒪ@ᓄ
ᐊᖑᑦ	ᐊᖑᑦ
ᐃᑲᔪᖅᓱᕐᓂᖅ	ᐃᑲᔪᖅ@ᓱᕐ@ᓂᖅ
ᐊᕐᕕᐊᒧᑦ	ᐊᕐᕕᐊ@ᒧᑦ
ᐊᖏᔪᓄᑦ	ᐊᖏ@ᔪ@ᓄᑦ
ᑕᒪᔅᓱᒪ	ᑕᒪᔅᓱ@ᒪ
ᐊᖓᔪᖅᑳᖓᓂᒃ	ᐊᖓᔪᖅᑳ@ᖓᓂᒃ
ᑕᒪᔾᔭ	ᑕᒪᔾᔭ
ᑐᓵᔪᑦ	ᑐᓵ@ᔪᑦ
ᑲᔪᓯᒋᐊᕐᓗᑕ	ᑲᔪᓯ@ᒋᐊᕐ@ᓗᑕ
ᓇᓄᖅ	ᓇᓄᖅ
ᐱᓕᕆᔨᓄᑦ	ᐱ@ᓕᕆ@ᔨ@ᓄᑦ
ᕿᓚᓈᖅᐳᑦ	ᕿᓚᓈᖅ@ᐳᑦ
ᑕᒪᒃᑯᓄᖓᓗ	ᑕᒪᒃᑯ@ᓄᖓ@ᓗ
ᐅᕙᖓᑦᑕᐅᖅ	ᐅᕙᖓ@ᑦᑕᐅᖅ
ᑎᑭᕋᕐᔪᐊᒧᓪᓗ	ᑎᑭᕋᕐᔪᐊ@ᒧᓪ@ᓗ
ᓯᕗᒧᑦ	ᓯᕗ@ᒧᑦ
ᒪᒃᐱᖅᑐᕋᖓᓂ	ᒪᒃᐱᖅ@ᑐ@ᕋ@ᖓ@ᓂ
ᐃᒥᕐᒧᑦ	ᐃᒥᕐ@ᒧᑦ
ᑲᓇᑕᒧᑦ	ᑲᓇᑕ@ᒧᑦ
ᐱᓕᕆᔪᑦ	ᐱ@ᓕᕆ@ᔪᑦ
ᐃᓚᒋᔭᐅᔪᓂᒃ	ᐃᓚ@ᒋ@ᔭ@ᐅ@ᔪ@ᓂᒃ
ᐅᑭᐅᓂᒃ	ᐅᑭᐅ@ᓂᒃ
ᓱᓇᒥᑦ	ᓱᓇ@ᒥᑦ
ᐃᓚᒋᓪᓗᓂᐅᒃ	ᐃᓚ@ᒋ@ᓪᓗᓂᐅᒃ
ᐱᖃᓯᐅᑎᓪᓗᒋᑦ	ᐱ@ᖃ@ᓯ@ᐅ@ᑎᓪᓗᒋᑦ
ᐱᔾᔪᑕᐅᓪᓗᓂ	ᐱ@ᔾᔪᑕ@ᐅ@ᓪᓗᓂ
ᐸᕐᓇᓂᕐᒧᑦ	ᐸᕐᓇ@ᓂᕐ@ᒧᑦ
ᐱᕈᖅᐸᓪᓕᐊᔪᓕᕆᓂᕐᒧᑦ	ᐱᕈᖅ@ᐸᓪᓕᐊ@ᔪ@ᓕᕆ@ᓂᕐ@ᒧᑦ
ᐊᕐᕌᒍᑕᒫᓐ	ᐊᕐᕌᒍ@ᑕᒫᓐ
ᒐᕙᒪᐅᔪᓄᑦ	ᒐᕙᒪ@ᐅ@ᔪ@ᓄᑦ
ᐊᕐᕌᒍᒥᑦ	ᐊᕐᕌᒍ@ᒥᑦ
ᒐᕙᒪᒃᑯᓐᓄ	ᒐᕙᒪ@ᒃᑯᓐ@ᓄ
ᐊᖏᕐᓂᖅ	ᐊᖏᕐ@ᓂᖅ
ᐸᕐᓇᐅᑎᒃ	ᐸᕐᓇ@ᐅᑎᒃ
ᐱᕙᓪᓕᐊᔪᓕᕆᓂᕐᒧᓪᓗ	ᐱ@ᕙᓪᓕᐊ@ᔪ@ᓕᕆ@ᓂᕐ@ᒧᓪ@ᓗ
ᐱᕙᓪᓕᐊᔪᓂᑦ	ᐱ@ᕙᓪᓕᐊ@ᔪ@ᓂᑦ
ᒥᕝᕕᒃ	ᒥᕝ@ᕕᒃ
ᓄᖅᑲᖔᓚᐅᑲᓚᐅᖅᐳᑦ	ᓄᖅᑲ@ᖔ@ᓚᐅᑲ@ᓚᐅᖅ@ᐳᑦ
ᓯᕗᓪᓕᖅᐹᖓᓂᒃ	ᓯᕗ@ᓪᓕᖅ@ᐹ@ᖓᓂᒃ
ᐊᐱᕆᖅᑲᐅᒻᒪᑦ	ᐊᐱᕆ@ᖅᑲᐅ@ᒻᒪᑦ
ᑐᓂᔭᐅᔪᑦ	ᑐᓂ@ᔭ@ᐅ@ᔪᑦ
ᑕᒪᑐᒪᓂ	ᑕᒪᑐ@ᒪᓂ
ᑲᒪᖃᑦᑕᖅᑐᑦ	ᑲᒪ@ᖃᑦᑕᖅ@ᑐᑦ
ᖁᐊᓇᖅ	ᖁ@ᐊ@ᓇᖅ
ᐃᓕᔅᓯᓐᓂᒃ	ᐃᓕ@ᔅᓯᓐᓂᒃ
ᐱᖁᔭᖅ	ᐱ@ᖁ@ᔭᖅ
ᑕᓗᕐᔪᐊᓂ	ᑕᓗ@ᕐᔪᐊ@ᓂ
ᐱᓕᕆᕝᕕᒻᒧᑦ	ᐱ@ᓕᕆ@ᕝᕕᒻ@ᒧᑦ
ᖃᓄᓕᒫᖅ	ᖃᓄ@ᓕᒫᖅ
ᓄᓇᒥᑦ	ᓄᓇ@ᒥᑦ
ᐆᒧᖓ	ᐆ@ᒧᖓ
ᐱᓕᕆᕕᐊ	ᐱ@ᓕᕆ@ᕕ@ᐊ
ᓈᒻᒪᓯᑉᐸᑦ	ᓈᒻᒪ@ᓯ@ᑉᐸᑦ
ᑐᕌᖓᓪᓗᓂ	ᑐᕌ@ᖓ@ᓪᓗᓂ
ᐃᓗᐊᓄᑦ	ᐃᓗ@ᐊᓄᑦ
ᒥᓕᐊᓂ	ᒥᓕ@ᐊ@ᓂ
ᔫᑳᓐ	ᔫᑳᓐ
ᐱᒻᒪᕆᐅᖕᒪᑕ	ᐱ@ᒻᒪᕆ@ᐅ@ᖕᒪᑕ
ᐃᓕᔅᓯᓐᓄᑦ	ᐃᓕ@ᔅᓯᓐᓄᑦ
ᐅᓐᓄᒃ	ᐅᓐᓄᒃ
ᐊᒻᒪ	ᐊᒻᒪ
ᐊᖅᑯᑦ	ᐊᖅᑯᑦ
ᐅᐱᕐᖔᖅ	ᐅᐱᕐᖔᖅ
ᐊᑯᓂᒧᑦ	ᐊᑯᓂ@ᒧᑦ
ᐋᓐᓂᐊᔪᓂᒃ	ᐋᓐᓂ@ᐊ@ᔪ@ᓂᒃ
ᓯᑕᒪᑦ	ᓯᑕᒪᑦ
ᐃᒪᓐᓇ	ᐃᒪᓐᓇ
ᒫᔅᓯ	ᒫᔅᓯ
ᐃᒡᓗᒥᑦ	ᐃᒡᓗ@ᒥᑦ
ᓇᔭᒐ	ᓇᔭ@ᒐ
ᐊᖏᖅᐱᑖ	ᐊᖏᖅ@ᐱᑖ
ᖃᐅᔨᓴᕈᑕᐅᔪᑦ	ᖃᐅᔨ@ᓴ@ᕈᑕ@ᐅ@ᔪᑦ
ᐊᒥᓱᓄᑦ	ᐊᒥᓱ@ᓄᑦ
ᖃᐅᔨᒪᕗᒍᑦ	ᖃᐅᔨᒪ@ᕗᒍᑦ
ᐊᖓᔪᖅᑳᒧᑦ	ᐊᖓᔪᖅᑳ@ᒧᑦ
ᐱᓕᕆᖃᑎᒌᓐᓂᖅ	ᐱ@ᓕᕆ@ᖃᑎ@ᒌᓐ@ᓂᖅ
ᑲᓇᑕᓕᒫᒧᑦ	ᑲᓇᑕ@ᓕᒫ@ᒧᑦ
ᐃᖅᑲᖅᑐᐃᔨ	ᐃᖅᑲᖅ@ᑐ@ᐃ@ᔨ
ᐹᑉ	ᐹ@ᑉ
ᑕᐃᒃᑯᐊ	ᑕᐃᒃᑯᐊ
ᑰᓕ	ᑰ@ᓕ
ᕿᒥᕐᕈᔭᐅᓂᖓᓄᑦ	ᕿᒥᕐᕈ@ᔭ@ᐅ@ᓂ@ᖓᓄᑦ
ᐊᖓᔪᖅᑳᕐᒧᑦ	ᐊᖓᔪᖅᑳᕐ@ᒧᑦ
ᑕᒪᑦᓱᒧᖓ	ᑕᒪᑦᓱ@ᒧᖓ
ᐅᔾᔨᕈᓱᒃᑐᑦ	ᐅᔾᔨ@ᕈᓱᒃ@ᑐᑦ
ᐊᖏᖅᐳᒍᑦ	ᐊᖏᖅ@ᐳᒍᑦ
ᑕᒪᒃᑯᐊᓕ	ᑕᒪᒃᑯᐊ@ᓕ
ᐱᕙᓪᓕᐊᓂᖓᓄᑦ	ᐱ@ᕙᓪᓕᐊ@ᓂ@ᖓᓄᑦ
ᑭᓇᑭᐊᖅ	ᑭᓇ@ᑭᐊᖅ
ᐱᓕᕆᖃᑎᒋᓗᒋᑦ	ᐱ@ᓕᕆ@ᖃᑎ@ᒋ@ᓗ@ᒋᑦ
ᐃᓪᓗ	ᐃᓪᓗ
ᐊᒡᒍᒧᑦ	ᐊᒡᒍ@ᒧᑦ
ᐊᕐᕌᒍᓂᒃ	ᐊᕐᕌᒍ@ᓂᒃ
ᐊᐱᕆᓚᐅᕋᒪ	ᐊᐱᕆ@ᓚᐅ@ᕋᒪ
ᐱᖓᓐᓇᖓᓄᑦ	ᐱ@ᖓ@ᓐᓇ@ᖓᓄᑦ
ᒪᑦᓇ	ᒪᑦᓇ
ᑎᑭᕋᕐᔪᐊᕐᒧᑦ	ᑎᑭᕋᕐᔪᐊᕐ@ᒧᑦ
ᓄᓇᕐᔪᐊᑉ	ᓄᓇ@ᕐᔪᐊ@ᑉ
ᐅᖃᖅᑲᐅᖕᒪᑦ	ᐅᖃ@ᖅᑲᐅ@ᖕᒪᑦ
ᓄᓇᕗᒻᒧᑦ	ᓄᓇᕗᒻ@ᒧᑦ
ᓯᕗᓪᓕᖅᐹᖓᓂᑦ	ᓯᕗ@ᓪᓕᖅ@ᐹ@ᖓᓂᑦ
ᐅᓂᒃᑳᓕᐊᒥᒃ	ᐅᓂᒃᑳ@ᓕᐊ@ᒥᒃ
ᐱᓕᕆᓂᖅ	ᐱ@ᓕᕆ@ᓂᖅ
ᐊᑐᖅᑕᐅᔪᓐᓇᖅᑐᑦ	ᐊᑐᖅ@ᑕ@ᐅ@ᔪᓐᓇᖅ@ᑐᑦ
ᖃᓄᕐᓕᑭᐊᖅ	ᖃᓄᕐ@ᓕ@ᑭᐊᖅ
ᒪᒃᐱᒐᖅ	ᒪᒃᐱ@ᒐᖅ
ᐊᓪᓛᑦ	ᐊᓪᓛᑦ
ᐊᐃᑉᐸᖓᓂᑦ	ᐊᐃᑉᐸ@ᖓᓂᑦ
ᐅᔾᔨᕈᓱᒃᐳᑦ	ᐅᔾᔨ@ᕈᓱᒃ@ᐳᑦ
ᑖᒻᓴᓐ	ᑖᒻᓴᓐ
ᑲᒪᒋᔭᖃᕐᒪᑕ	ᑲᒪ@ᒋ@ᔭ@ᖃᕐ@ᒪᑕ
ᖃᓄᖅᓕ	ᖃᓄᖅ@ᓕ
ᑖᑉᑯᐊ	ᑖᑉᑯᐊ
ᓇᑭᑦ	ᓇᑭᑦ
ᒥᓂᔅᑕᒧ	ᒥᓂᔅᑕ@ᒧ
ᐊᓯᐊᓄ	ᐊᓯ@ᐊᓄ
ᐊᖏᖅᑕᐅᔪᒪᕗᖅ	ᐊᖏᖅ@ᑕ@ᐅ@ᔪᒪ@ᕗᖅ
ᐊᐱᖅᓱᕐᒪᑦ	ᐊᐱᖅ@ᓱᕐ@ᒪᑦ
ᑭᐅᕙᓐ	ᑭᐅ@ᕙᓐ
ᐊᓯᐊᒍᑦ	ᐊᓯ@ᐊᒍᑦ
ᓂᕿᓄᑦ	ᓂᕿ@ᓄᑦ
ᐅᑭᐅᓂᑦ	ᐅᑭᐅ@ᓂᑦ
ᑕᕆᐅᑉ	ᑕᕆᐅ@ᑉ
ᐊᒻᒪᑕᐅᖅ	ᐊᒻᒪ@ᑕᐅᖅ
ᐱᓕᕆᕕᐅᔪᓄᑦ	ᐱ@ᓕᕆ@ᕕ@ᐅ@ᔪ@ᓄᑦ
ᐃᒻᒥᓂᒃ	ᐃᒻᒥᓂᒃ
ᐋᖅᑭᒋᐊᕈᑕᐅᔪᑦ	ᐋᖅᑭ@ᒋᐊ@ᕈᑕ@ᐅ@ᔪᑦ
ᐅᖃᓚᐅᖅᐳᖅ	ᐅᖃ@ᓚᐅᖅ@ᐳᖅ
ᓂᐅᕕᕐᓂᕐᒧᑦ	ᓂᐅᕕᕐ@ᓂᕐ@ᒧᑦ
ᖁᕐᓗᖅᑐᖅ	ᖁᕐᓗᖅᑐᖅ
ᐱᓕᕆᔨᓂᒃ	ᐱ@ᓕᕆ@ᔨ@ᓂᒃ
ᑭᓇᑐᐃᓐᓇᕐᒧᑦ	ᑭᓇ@ᑐᐃᓐᓇᕐ@ᒧᑦ
ᒪᒃᐱᖅᑐᒐᖅ	ᒪᒃᐱᖅ@ᑐ@ᒐᖅ
ᑭᓱᒥᑦ	ᑭᓱ@ᒥᑦ
ᖁᕕᐊᓱᒃᐳᑦ	ᖁᕕᐊ@ᓱᒃ@ᐳᑦ
ᐊᓪᓚᕝᕕᒃ	ᐊᓪᓚᕝ@ᕕᒃ
ᑲᔪᓯᔪᒪᓪᓗᖓ	ᑲᔪᓯ@ᔪᒪ@ᓪᓗᖓ
ᐃᓕᔅᓯᓐᓄᓕᒫᖅ	ᐃᓕ@ᔅᓯᓐᓄ@ᓕᒫᖅ
ᐊᔭᐅᖅᑐᐃᕗᑦ	ᐊᔭ@ᐅᖅ@ᑐ@ᐃ@ᕗᑦ
ᐃᓚ	ᐃᓚ
ᐊᒥᓱᓂᒃ	ᐊᒥᓱ@ᓂᒃ
ᐊᑭᓕᒃᓴᕆᔭᐅᔪᑦ	ᐊᑭ@ᓕ@ᒃᓴ@ᕆ@ᔭ@ᐅ@ᔪᑦ
ᑲᒥᓯᓇᒧᑦ	ᑲᒥᓯᓇ@ᒧᑦ
ᑭᕙᓪᓕᕐᒧᑦ	ᑭᕙᓪᓕᕐ@ᒧᑦ
ᑕᓗᕐᔪᐊᕐᒥᐅᑦ	ᑕᓗ@ᕐᔪᐊᕐ@ᒥ@ᐅᑦ
ᓇᓂ	ᓇᓂ
ᐱᔾᔪᑕᐅᔪᓂᒃ	ᐱ@ᔾᔪᑕ@ᐅ@ᔪ@ᓂᒃ
ᐊᖏᖅᑕᐅᔪᒪᒻᒪᑦ	ᐊᖏᖅ@ᑕ@ᐅ@ᔪᒪ@ᒻᒪᑦ
ᐃᓚᖓᓄᑦ	ᐃᓚ@ᖓᓄᑦ
ᑕᒪᒃᓱᒪ	ᑕᒪᒃᓱ@ᒪ
ᐊᑐᖅᑕᐅᓪᓗᓂ	ᐊᑐᖅ@ᑕ@ᐅ@ᓪᓗᓂ
ᖃᒪᓂᑦᑐᐊᑉ	ᖃᒪᓂᑦᑐᐊ@ᑉ
ᐱᖓᔪᐊᓐᓂᑦ	ᐱᖓᔪᐊᓐ@ᓂᑦ
ᐊᐅᔭᖅ	ᐊᐅᔭᖅ
ᑕᐃᒃᑯᐊᖃᐃ	ᑕᐃᒃᑯᐊ@ᖃᐃ
ᓱᓇᓄᑦ	ᓱᓇ@ᓄᑦ
ᐊᐅᓚᑦᑎᔨᐅᔪᑦ	ᐊᐅᓚᑦ@ᑎ@ᔨ@ᐅ@ᔪᑦ
ᑕᖅᑭᖅ	ᑕᖅᑭᖅ
ᒐᕙᒪᓂᑦ	ᒐᕙᒪ@ᓂᑦ
ᒥᓂᔅᑕᖓᓄᑦ	ᒥᓂᔅᑕ@ᖓᓄᑦ
ᑕᒪᑐᒨᓇ	ᑕᒪᑐ@ᒨᓇ
ᐊᖏᔪᓂᒃ	ᐊᖏ@ᔪ@ᓂᒃ
ᐊᕐᕌᒍᓂᑦ	ᐊᕐᕌᒍ@ᓂᑦ
ᐅᖃᑲᐃᓐᓇᕐᒪᑦ	ᐅᖃ@ᑲᐃᓐᓇᕐ@ᒪᑦ
ᖁᑦᑎᑦᑐᕐᒧᑦ	ᖁᑦᑎᑦᑐᕐ@ᒧᑦ
ᐅᖃᖅᑲᐅᒻᒪᑦ	ᐅᖃ@ᖅᑲᐅ@ᒻᒪᑦ
ᐅᑲᓕᖅ	ᐅᑲᓕᖅ
ᐱᓕᕆᕝᕕᐊ	ᐱ@ᓕᕆ@ᕝᕕ@ᐊ
ᓂᕆᐅᒃᐳᒍᑦ	ᓂᕆᐅᒃ@ᐳᒍᑦ
ᖃᓄᕐᓕ	ᖃᓄᕐ@ᓕ
ᑕᐃᔭᐅᔪᑦ	ᑕᐃ@ᔭ@ᐅ@ᔪᑦ
ᐊᖓᔪᖅᑳᕆᔭᐅᔪᑦ	ᐊᖓᔪᖅᑳ@ᕆ@ᔭ@ᐅ@ᔪᑦ
ᐃᓂᐅᔪᑦ	ᐃᓂ@ᐅ@ᔪᑦ
ᑕᐅᓴᓐ	ᑕᐅᓴᓐ
ᐅᕕᒃᑲᐅᔪᓂᒃ	ᐅᕕ@ᒃᑲ@ᐅ@ᔪ@ᓂᒃ
ᑕᐃᒫᑦᑕᐅᖅ	ᑕᐃᒫᑦ@ᑕᐅᖅ
ᒥᔅᑕ	ᒥᔅᑕ
ᕿᔪᒃᑖᖅ	ᕿᔪᒃ@ᑖᖅ
ᐃᓄᒻᒧᑦ	ᐃᓄᒻ@ᒧᑦ
ᓱᓇᒧᑦ	ᓱᓇ@ᒧᑦ
ᑕᐃᒃᑯᐊᒎᖅ	ᑕᐃᒃᑯᐊ@ᒎᖅ
ᖃᓄᒃᑲᓐᓂᖅ	ᖃᓄ@ᒃᑲᓐᓂᖅ
ᒫᓐᓇᑲᐅᑎᒋ	ᒫᓐᓇ@ᑲ@ᐅ@ᑎ@ᒋ
ᐱᖁᔭᑦᓴᖅ	ᐱ@ᖁ@ᔭ@ᑦᓴᖅ
ᑭᐅᖕᒪᑦ	ᑭᐅ@ᖕᒪᑦ
ᐅᑎᕐᓂᖅ	ᐅᑎᕐ@ᓂᖅ
ᑲᒪᒋᔭᖃᖅᑐᑦ	ᑲᒪ@ᒋ@ᔭ@ᖃᖅ@ᑐᑦ
ᐊᐱᕆᖕᒪᑦ	ᐊᐱᕆ@ᖕᒪᑦ
ᖁᕕᐊᓱᓚᐅᖅᑐᑦ	ᖁᕕᐊ@ᓱ@ᓚᐅᖅ@ᑐᑦ
ᑭᓱᓂᒃ	ᑭᓱ@ᓂᒃ
ᐊᕙᑎᓕᕆᔨᒃᑯᓐᓄᑦ	ᐊᕙᑎ@ᓕᕆ@ᔨ@ᒃᑯᓐ@ᓄᑦ
ᓇᒻᒥᓂᖃᕐᓂᕐᒧᑦ	ᓇᒻᒥᓂ@ᖃᕐ@ᓂᕐ@ᒧᑦ
ᓯᓚᑦᑐᖅᓴᕐᕕᖕᒧᑦ	ᓯᓚ@ᑦᑐᖅ@ᓴᕐ@ᕕᖕ@ᒧᑦ
ᓰᑏᕝᕙ	ᓰᑏᕝᕙ
ᒐᕙᒪᖓᓄᑦ	ᒐᕙᒪ@ᖓᓄᑦ
ᑕᒪᓐᓇᑦᑕᐅᖅ	ᑕᒪᓐᓇ@ᑦᑕᐅᖅ
ᐅᐱᒍᓱᓐᓂᖅ	ᐅᐱ@ᒍᓱᓐ@ᓂᖅ
ᐃᓕᒃᓯᓐᓄᑦ	ᐃᓕ@ᒃᓯᓐᓄᑦ
ᑕᒡᒐ	ᑕᒡᒐ
ᓇᓗᓇᕐᒪᑦ	ᓇᓗ@ᓇᕐ@ᒪᑦ
ᐅᒡᔪᒃ	ᐅᒡᔪᒃ
ᒪᑖᒻ	ᒪᑖᒻ
ᐱᖓᔪᐊᓐᓂᒃ	ᐱᖓᔪᐊᓐ@ᓂᒃ
ᑕᖅᑲᒃᑯᐊ	ᑕᖅᑲᒃᑯᐊ
ᐊᒥᓱᓂᑦ	ᐊᒥᓱ@ᓂᑦ
ᑕᓗᕐᔪᐊᕐᒥ	ᑕᓗ@ᕐᔪᐊᕐ@ᒥ
ᓯᕗᓪᓕᖅᐹᖅ	ᓯᕗ@ᓪᓕᖅ@ᐹᖅ
ᓴᖅᑭᑕᐅᔪᑦ	ᓴᖅᑭ@ᑕ@ᐅ@ᔪᑦ
ᖃᓄ	ᖃᓄ
ᐅᓪᓛᖅ	ᐅᓪᓛᖅ
ᐊᐅᓱᐃᑦᑐᒧᑦ	ᐊᐅᓱᐃᑦᑐ@ᒧᑦ
ᐅᓂᒃᑳᓕᐊᖅ	ᐅᓂᒃᑳ@ᓕᐊᖅ
ᐅᓂᒃᑳᒧᑦ	ᐅᓂᒃᑳ@ᒧᑦ
ᐊᐅᓱᐃᑦᑐᖅ	ᐊᐅᓱᐃᑦᑐᖅ
ᒐᕙᒪᐅᔪᓂᑦ	ᒐᕙᒪ@ᐅ@ᔪ@ᓂᑦ
ᐅᖅᓱᖅ	ᐅᖅᓱᖅ
ᐱᔭᑦᓴᒧ	ᐱ@ᔭ@ᑦᓴ@ᒧ
ᑖᓐᓇᑐᐊᖅ	ᑖᓐ@ᓇ@ᑐᐊᖅ
ᐃᓚᖓᓂᒃ	ᐃᓚ@ᖓᓂᒃ
ᐅᕙᖓ	ᐅᕙᖓ
ᐱᔪᓐᓇᕐᒪᖔᑕ	ᐱ@ᔪᓐᓇᕐ@ᒪᖔᑕ
ᑲᒪᔪᒧᑦ	ᑲᒪ@ᔪ@ᒧᑦ
ᓇᑭᑐᐃᓐᓇᖅ	ᓇᑭ@ᑐᐃᓐᓇᖅ
ᑕᐃᒫᒃᑕᐅᖅ	ᑕᐃᒫᒃ@ᑕᐅᖅ
ᑲᓇᑕ	ᑲᓇᑕ
ᖃᑦᓯᐅᕙᑦ	ᖃᑦᓯ@ᐅ@ᕙᑦ
ᑕᒪᒃᑯᓂᖓ	ᑕᒪᒃᑯ@ᓂᖓ
ᒫᓂᑑᐸ	ᒫᓂᑑᐸ
ᐱᓕᕆᕝᕕᖓᑦᑕ	ᐱ@ᓕᕆ@ᕝᕕ@ᖓᑦᑕ
ᑕᖅᑲᒃᑯᓄᖓ	ᑕᖅᑲᒃᑯ@ᓄᖓ
ᒐᕙᒪᒃᑯᓐᓄᓗ	ᒐᕙᒪ@ᒃᑯᓐ@ᓄ@ᓗ
ᑖᓚᓂᒃ	ᑖᓚ@ᓂᒃ
